image_id,label
affenpinscher_00113.jpg,blenheim_spaniel
affenpinscher_00114.jpg,affenpinscher
affenpinscher_00115.jpg,affenpinscher
affenpinscher_00116.jpg,newfoundland
affenpinscher_00117.jpg,schipperke
affenpinscher_00118.jpg,affenpinscher
affenpinscher_00119.jpg,flatcoated_retriever
affenpinscher_00120.jpg,newfoundland
affenpinscher_00121.jpg,affenpinscher
affenpinscher_00122.jpg,affenpinscher
affenpinscher_00123.jpg,affenpinscher
affenpinscher_00124.jpg,affenpinscher
affenpinscher_00125.jpg,affenpinscher
affenpinscher_00126.jpg,scottish_deerhound
affenpinscher_00127.jpg,affenpinscher
affenpinscher_00128.jpg,flatcoated_retriever
affenpinscher_00129.jpg,affenpinscher
affenpinscher_00130.jpg,boston_bulldog
affenpinscher_00131.jpg,affenpinscher
affenpinscher_00132.jpg,affenpinscher
affenpinscher_00133.jpg,irish_spaniel
afghan_hound_00106.jpg,pembroke
afghan_hound_00107.jpg,irish_spaniel
afghan_hound_00108.jpg,chow
afghan_hound_00109.jpg,australian_terrier
afghan_hound_00110.jpg,maltese
afghan_hound_00111.jpg,australian_terrier
afghan_hound_00112.jpg,chow
afghan_hound_00113.jpg,maltese
afghan_hound_00114.jpg,irish_spaniel
afghan_hound_00115.jpg,flatcoated_retriever
afghan_hound_00116.jpg,flatcoated_retriever
afghan_hound_00117.jpg,rottweiler
afghan_hound_00118.jpg,australian_terrier
afghan_hound_00119.jpg,australian_terrier
afghan_hound_00120.jpg,airedale
afghan_hound_00121.jpg,australian_terrier
afghan_hound_00122.jpg,pug
afghan_hound_00123.jpg,irish_spaniel
afghan_hound_00124.jpg,maltese
african_00143.jpg,african
african_00144.jpg,entlebucher
african_00145.jpg,rottweiler
african_00146.jpg,entlebucher
african_00147.jpg,boston_bulldog
african_00148.jpg,australian_terrier
african_00149.jpg,rottweiler
african_00150.jpg,pug
african_00151.jpg,gordon_setter
african_00152.jpg,schipperke
african_00153.jpg,schipperke
african_00154.jpg,basenji
african_00155.jpg,maltese
african_00156.jpg,toy_terrier
african_00157.jpg,rottweiler
african_00158.jpg,scottish_deerhound
african_00159.jpg,entlebucher
african_00160.jpg,entlebucher
african_00161.jpg,basenji
african_00162.jpg,airedale
african_00163.jpg,miniature_pinscher
african_00164.jpg,miniature_pinscher
african_00165.jpg,pug
african_00166.jpg,boston_bulldog
african_00167.jpg,papillon
african_00168.jpg,rottweiler
airedale_00160.jpg,norwich_terrier
airedale_00161.jpg,australian_terrier
airedale_00162.jpg,irish_terrier
airedale_00163.jpg,rottweiler
airedale_00164.jpg,briard
airedale_00165.jpg,australian_terrier
airedale_00166.jpg,australian_terrier
airedale_00167.jpg,australian_terrier
airedale_00168.jpg,chow
airedale_00169.jpg,australian_terrier
airedale_00170.jpg,australian_terrier
airedale_00171.jpg,australian_terrier
airedale_00172.jpg,silky_terrier
airedale_00173.jpg,irish_terrier
airedale_00174.jpg,airedale
airedale_00175.jpg,airedale
airedale_00176.jpg,norwich_terrier
airedale_00177.jpg,scottish_deerhound
airedale_00178.jpg,irish_terrier
airedale_00179.jpg,basenji
airedale_00180.jpg,blood_hound
airedale_00181.jpg,blood_hound
airedale_00182.jpg,australian_terrier
airedale_00183.jpg,airedale
airedale_00184.jpg,irish_terrier
airedale_00185.jpg,silky_terrier
airedale_00186.jpg,australian_terrier
airedale_00187.jpg,rottweiler
airedale_00188.jpg,australian_terrier
akita_00005.jpg,pembroke
akita_00006.jpg,blenheim_spaniel
american_terrier_00130.jpg,dhole
american_terrier_00131.jpg,papillon
american_terrier_00132.jpg,rottweiler
american_terrier_00133.jpg,golden_retriever
american_terrier_00134.jpg,flatcoated_retriever
american_terrier_00135.jpg,maltese
american_terrier_00136.jpg,irish_terrier
american_terrier_00137.jpg,border_collie
american_terrier_00138.jpg,blenheim_spaniel
american_terrier_00139.jpg,bernese_mountain
american_terrier_00140.jpg,bernese_mountain
american_terrier_00141.jpg,border_collie
american_terrier_00142.jpg,maltese
american_terrier_00143.jpg,basenji
american_terrier_00144.jpg,border_collie
american_terrier_00145.jpg,entlebucher
american_terrier_00146.jpg,norwich_terrier
american_terrier_00147.jpg,blenheim_spaniel
american_terrier_00148.jpg,beagle
american_terrier_00149.jpg,basenji
american_terrier_00150.jpg,pomeranian
american_terrier_00151.jpg,border_collie
american_terrier_00152.jpg,toy_terrier
appenzeller_00114.jpg,entlebucher
appenzeller_00115.jpg,bernese_mountain
appenzeller_00116.jpg,entlebucher
appenzeller_00117.jpg,bernese_mountain
appenzeller_00118.jpg,entlebucher
appenzeller_00119.jpg,border_collie
appenzeller_00120.jpg,rottweiler
appenzeller_00121.jpg,entlebucher
appenzeller_00122.jpg,bernese_mountain
appenzeller_00123.jpg,bernese_mountain
appenzeller_00124.jpg,entlebucher
appenzeller_00125.jpg,entlebucher
appenzeller_00126.jpg,entlebucher
appenzeller_00127.jpg,maltese
appenzeller_00128.jpg,basenji
appenzeller_00129.jpg,bernese_mountain
appenzeller_00130.jpg,entlebucher
appenzeller_00131.jpg,bernese_mountain
appenzeller_00132.jpg,entlebucher
appenzeller_00133.jpg,border_collie
appenzeller_00134.jpg,bernese_mountain
australian_cattledog_00015.jpg,border_collie
australian_cattledog_00016.jpg,rottweiler
australian_cattledog_00017.jpg,flatcoated_retriever
australian_terrier_00153.jpg,australian_terrier
australian_terrier_00154.jpg,pembroke
australian_terrier_00155.jpg,australian_terrier
australian_terrier_00156.jpg,australian_terrier
australian_terrier_00157.jpg,australian_terrier
australian_terrier_00158.jpg,irish_spaniel
australian_terrier_00159.jpg,chow
australian_terrier_00160.jpg,blood_hound
australian_terrier_00161.jpg,australian_terrier
australian_terrier_00162.jpg,australian_terrier
australian_terrier_00163.jpg,australian_terrier
australian_terrier_00164.jpg,australian_terrier
australian_terrier_00165.jpg,silky_terrier
australian_terrier_00166.jpg,australian_terrier
australian_terrier_00167.jpg,cairn_terrier
australian_terrier_00168.jpg,airedale
australian_terrier_00169.jpg,australian_terrier
australian_terrier_00170.jpg,australian_terrier
australian_terrier_00171.jpg,gordon_setter
australian_terrier_00172.jpg,blood_hound
australian_terrier_00173.jpg,australian_terrier
australian_terrier_00174.jpg,australian_terrier
australian_terrier_00175.jpg,australian_terrier
australian_terrier_00176.jpg,irish_terrier
australian_terrier_00177.jpg,maltese
australian_terrier_00178.jpg,miniature_pinscher
australian_terrier_00179.jpg,australian_terrier
australian_terrier_00180.jpg,australian_terrier
basenji_00144.jpg,rottweiler
basenji_00145.jpg,pomeranian
basenji_00146.jpg,blenheim_spaniel
basenji_00147.jpg,entlebucher
basenji_00148.jpg,lakeland_terrier
basenji_00149.jpg,blenheim_spaniel
basenji_00150.jpg,blenheim_spaniel
basenji_00151.jpg,blenheim_spaniel
basenji_00152.jpg,entlebucher
basenji_00153.jpg,blenheim_spaniel
basenji_00154.jpg,pembroke
basenji_00155.jpg,australian_terrier
basenji_00156.jpg,basenji
basenji_00157.jpg,pembroke
basenji_00158.jpg,basenji
basenji_00159.jpg,irish_terrier
basenji_00160.jpg,basenji
basenji_00161.jpg,basenji
basenji_00162.jpg,blenheim_spaniel
basenji_00163.jpg,blenheim_spaniel
basenji_00164.jpg,blenheim_spaniel
basenji_00165.jpg,bernese_mountain
basenji_00166.jpg,gordon_setter
basenji_00167.jpg,airedale
basenji_00168.jpg,bernese_mountain
basenji_00169.jpg,blenheim_spaniel
basset_hound_00126.jpg,blenheim_spaniel
basset_hound_00127.jpg,blood_hound
basset_hound_00128.jpg,stbernard
basset_hound_00129.jpg,blenheim_spaniel
basset_hound_00130.jpg,basenji
basset_hound_00131.jpg,entlebucher
basset_hound_00132.jpg,blenheim_spaniel
basset_hound_00133.jpg,pomeranian
basset_hound_00134.jpg,blenheim_spaniel
basset_hound_00135.jpg,beagle
basset_hound_00136.jpg,bernese_mountain
basset_hound_00137.jpg,blenheim_spaniel
basset_hound_00138.jpg,basenji
basset_hound_00139.jpg,dhole
basset_hound_00140.jpg,boston_bulldog
basset_hound_00141.jpg,blenheim_spaniel
basset_hound_00142.jpg,blenheim_spaniel
basset_hound_00143.jpg,airedale
basset_hound_00144.jpg,stbernard
basset_hound_00145.jpg,basset_hound
basset_hound_00146.jpg,schipperke
basset_hound_00147.jpg,rottweiler
basset_hound_00148.jpg,blenheim_spaniel
beagle_00146.jpg,blenheim_spaniel
beagle_00147.jpg,basset_hound
beagle_00148.jpg,blenheim_spaniel
beagle_00149.jpg,blenheim_spaniel
beagle_00150.jpg,blenheim_spaniel
beagle_00151.jpg,blenheim_spaniel
beagle_00152.jpg,blenheim_spaniel
beagle_00153.jpg,stbernard
beagle_00154.jpg,golden_retriever
beagle_00155.jpg,basenji
beagle_00156.jpg,maltese
beagle_00157.jpg,blenheim_spaniel
beagle_00158.jpg,blenheim_spaniel
beagle_00159.jpg,miniature_pinscher
beagle_00160.jpg,dhole
beagle_00161.jpg,stbernard
beagle_00162.jpg,basenji
beagle_00163.jpg,blenheim_spaniel
beagle_00164.jpg,blenheim_spaniel
beagle_00165.jpg,pomeranian
beagle_00166.jpg,entlebucher
beagle_00167.jpg,blenheim_spaniel
beagle_00168.jpg,blenheim_spaniel
beagle_00169.jpg,bernese_mountain
beagle_00170.jpg,stbernard
beagle_00171.jpg,blenheim_spaniel
bedlington_terrier_00125.jpg,maltese
bedlington_terrier_00126.jpg,scottish_deerhound
bedlington_terrier_00127.jpg,maltese
bedlington_terrier_00128.jpg,samoyed
bedlington_terrier_00129.jpg,maltese
bedlington_terrier_00130.jpg,pomeranian
bedlington_terrier_00131.jpg,maltese
bedlington_terrier_00132.jpg,pomeranian
bedlington_terrier_00133.jpg,maltese
bedlington_terrier_00134.jpg,maltese
bedlington_terrier_00135.jpg,scottish_deerhound
bedlington_terrier_00136.jpg,maltese
bedlington_terrier_00137.jpg,maltese
bedlington_terrier_00138.jpg,samoyed
bedlington_terrier_00139.jpg,keeshond
bedlington_terrier_00140.jpg,maltese
bedlington_terrier_00141.jpg,maltese
bedlington_terrier_00142.jpg,maltese
bedlington_terrier_00143.jpg,maltese
bedlington_terrier_00144.jpg,maltese
bedlington_terrier_00145.jpg,maltese
bedlington_terrier_00146.jpg,japanese_spaniel
bedlington_terrier_00147.jpg,border_collie
bernese_mountain_00161.jpg,entlebucher
bernese_mountain_00162.jpg,entlebucher
bernese_mountain_00163.jpg,border_collie
bernese_mountain_00164.jpg,entlebucher
bernese_mountain_00165.jpg,stbernard
bernese_mountain_00166.jpg,border_collie
bernese_mountain_00167.jpg,entlebucher
bernese_mountain_00168.jpg,entlebucher
bernese_mountain_00169.jpg,bernese_mountain
bernese_mountain_00170.jpg,border_collie
bernese_mountain_00171.jpg,bernese_mountain
bernese_mountain_00172.jpg,bernese_mountain
bernese_mountain_00173.jpg,border_collie
bernese_mountain_00174.jpg,border_collie
bernese_mountain_00175.jpg,entlebucher
bernese_mountain_00176.jpg,entlebucher
bernese_mountain_00177.jpg,bernese_mountain
bernese_mountain_00178.jpg,newfoundland
bernese_mountain_00179.jpg,entlebucher
bernese_mountain_00180.jpg,bernese_mountain
bernese_mountain_00181.jpg,bernese_mountain
bernese_mountain_00182.jpg,bernese_mountain
bernese_mountain_00183.jpg,entlebucher
bernese_mountain_00184.jpg,entlebucher
bernese_mountain_00185.jpg,entlebucher
bernese_mountain_00186.jpg,bernese_mountain
bernese_mountain_00187.jpg,entlebucher
bernese_mountain_00188.jpg,entlebucher
bernese_mountain_00189.jpg,bernese_mountain
bichon_frise_00009.jpg,maltese
bichon_frise_00010.jpg,maltese
blenheim_spaniel_00133.jpg,blenheim_spaniel
blenheim_spaniel_00134.jpg,blenheim_spaniel
blenheim_spaniel_00135.jpg,blenheim_spaniel
blenheim_spaniel_00136.jpg,blenheim_spaniel
blenheim_spaniel_00137.jpg,blenheim_spaniel
blenheim_spaniel_00138.jpg,blenheim_spaniel
blenheim_spaniel_00139.jpg,blenheim_spaniel
blenheim_spaniel_00140.jpg,blenheim_spaniel
blenheim_spaniel_00141.jpg,blenheim_spaniel
blenheim_spaniel_00142.jpg,beagle
blenheim_spaniel_00143.jpg,papillon
blenheim_spaniel_00144.jpg,blenheim_spaniel
blenheim_spaniel_00145.jpg,blenheim_spaniel
blenheim_spaniel_00146.jpg,blenheim_spaniel
blenheim_spaniel_00147.jpg,blenheim_spaniel
blenheim_spaniel_00148.jpg,entlebucher
blenheim_spaniel_00149.jpg,blenheim_spaniel
blenheim_spaniel_00150.jpg,blenheim_spaniel
blenheim_spaniel_00151.jpg,blenheim_spaniel
blenheim_spaniel_00152.jpg,blenheim_spaniel
blenheim_spaniel_00153.jpg,basenji
blenheim_spaniel_00154.jpg,maltese
blenheim_spaniel_00155.jpg,blenheim_spaniel
blenheim_spaniel_00156.jpg,blenheim_spaniel
blood_hound_00114.jpg,australian_terrier
blood_hound_00115.jpg,blood_hound
blood_hound_00116.jpg,airedale
blood_hound_00117.jpg,blood_hound
blood_hound_00118.jpg,australian_terrier
blood_hound_00119.jpg,rottweiler
blood_hound_00120.jpg,basenji
blood_hound_00121.jpg,miniature_pinscher
blood_hound_00122.jpg,blood_hound
blood_hound_00123.jpg,blood_hound
blood_hound_00124.jpg,blood_hound
blood_hound_00125.jpg,australian_terrier
blood_hound_00126.jpg,basenji
blood_hound_00127.jpg,australian_terrier
blood_hound_00128.jpg,australian_terrier
blood_hound_00129.jpg,australian_terrier
blood_hound_00130.jpg,blood_hound
blood_hound_00131.jpg,blood_hound
blood_hound_00132.jpg,chow
blood_hound_00133.jpg,australian_terrier
blood_hound_00134.jpg,australian_terrier
bluetick_00124.jpg,bouvier
bluetick_00125.jpg,entlebucher
bluetick_00126.jpg,irish_terrier
bluetick_00127.jpg,gordon_setter
bluetick_00128.jpg,border_collie
bluetick_00129.jpg,blenheim_spaniel
bluetick_00130.jpg,pug
bluetick_00131.jpg,entlebucher
bluetick_00132.jpg,tibetan_terrier
bluetick_00133.jpg,pug
bluetick_00134.jpg,entlebucher
bluetick_00135.jpg,miniature_pinscher
bluetick_00136.jpg,entlebucher
bluetick_00137.jpg,maltese
bluetick_00138.jpg,schipperke
bluetick_00139.jpg,cairn_terrier
bluetick_00140.jpg,border_collie
bluetick_00141.jpg,flatcoated_retriever
bluetick_00142.jpg,papillon
bluetick_00143.jpg,bernese_mountain
bluetick_00144.jpg,miniature_pinscher
bluetick_00145.jpg,flatcoated_retriever
bluetick_00146.jpg,border_collie
border_collie_00131.jpg,border_collie
border_collie_00132.jpg,border_collie
border_collie_00133.jpg,bernese_mountain
border_collie_00134.jpg,border_collie
border_collie_00135.jpg,stbernard
border_collie_00136.jpg,border_collie
border_collie_00137.jpg,border_collie
border_collie_00138.jpg,border_collie
border_collie_00139.jpg,border_collie
border_collie_00140.jpg,husky
border_collie_00141.jpg,staffordshire_bullterrier
border_collie_00142.jpg,bernese_mountain
border_collie_00143.jpg,beagle
border_collie_00144.jpg,bernese_mountain
border_collie_00145.jpg,japanese_spaniel
border_collie_00146.jpg,samoyed
border_collie_00147.jpg,samoyed
border_collie_00148.jpg,border_collie
border_collie_00149.jpg,entlebucher
border_collie_00150.jpg,border_collie
border_collie_00151.jpg,japanese_spaniel
border_collie_00152.jpg,border_collie
border_collie_00153.jpg,japanese_spaniel
border_collie_00154.jpg,entlebucher
border_terrier_00124.jpg,australian_terrier
border_terrier_00125.jpg,cairn_terrier
border_terrier_00126.jpg,norwich_terrier
border_terrier_00127.jpg,cairn_terrier
border_terrier_00128.jpg,australian_terrier
border_terrier_00129.jpg,maltese
border_terrier_00130.jpg,chow
border_terrier_00131.jpg,pomeranian
border_terrier_00132.jpg,blood_hound
border_terrier_00133.jpg,australian_terrier
border_terrier_00134.jpg,irish_terrier
border_terrier_00135.jpg,australian_terrier
border_terrier_00136.jpg,cairn_terrier
border_terrier_00137.jpg,pug
border_terrier_00138.jpg,airedale
border_terrier_00139.jpg,australian_terrier
border_terrier_00140.jpg,airedale
border_terrier_00141.jpg,scottish_deerhound
border_terrier_00142.jpg,dhole
border_terrier_00143.jpg,australian_terrier
border_terrier_00144.jpg,entlebucher
border_terrier_00145.jpg,pomeranian
border_terrier_00146.jpg,australian_terrier
borzoi_00090.jpg,stbernard
borzoi_00091.jpg,maltese
borzoi_00092.jpg,maltese
borzoi_00093.jpg,husky
borzoi_00094.jpg,papillon
borzoi_00095.jpg,maltese
borzoi_00096.jpg,maltese
borzoi_00097.jpg,maltese
borzoi_00098.jpg,shihtzu
borzoi_00099.jpg,maltese
borzoi_00100.jpg,samoyed
borzoi_00101.jpg,maltese
borzoi_00102.jpg,husky
borzoi_00103.jpg,maltese
borzoi_00104.jpg,samoyed
borzoi_00105.jpg,maltese
borzoi_00106.jpg,maltese
boston_bulldog_00147.jpg,stbernard
boston_bulldog_00148.jpg,border_collie
boston_bulldog_00149.jpg,bernese_mountain
boston_bulldog_00150.jpg,boston_bulldog
boston_bulldog_00151.jpg,border_collie
boston_bulldog_00152.jpg,bernese_mountain
boston_bulldog_00153.jpg,boston_bulldog
boston_bulldog_00154.jpg,border_collie
boston_bulldog_00155.jpg,bernese_mountain
boston_bulldog_00156.jpg,bernese_mountain
boston_bulldog_00157.jpg,bernese_mountain
boston_bulldog_00158.jpg,border_collie
boston_bulldog_00159.jpg,bernese_mountain
boston_bulldog_00160.jpg,border_collie
boston_bulldog_00161.jpg,border_collie
boston_bulldog_00162.jpg,entlebucher
boston_bulldog_00163.jpg,boston_bulldog
boston_bulldog_00164.jpg,schipperke
boston_bulldog_00165.jpg,border_collie
boston_bulldog_00166.jpg,bernese_mountain
boston_bulldog_00167.jpg,basenji
boston_bulldog_00168.jpg,papillon
boston_bulldog_00169.jpg,bernese_mountain
boston_bulldog_00170.jpg,stbernard
boston_bulldog_00171.jpg,husky
boston_bulldog_00172.jpg,bernese_mountain
bouvier_00101.jpg,affenpinscher
bouvier_00102.jpg,rottweiler
bouvier_00103.jpg,newfoundland
bouvier_00104.jpg,affenpinscher
bouvier_00105.jpg,affenpinscher
bouvier_00106.jpg,staffordshire_bullterrier
bouvier_00107.jpg,affenpinscher
bouvier_00108.jpg,affenpinscher
bouvier_00109.jpg,affenpinscher
bouvier_00110.jpg,maltese
bouvier_00111.jpg,affenpinscher
bouvier_00112.jpg,bouvier
bouvier_00113.jpg,irish_spaniel
bouvier_00114.jpg,affenpinscher
bouvier_00115.jpg,scottish_deerhound
bouvier_00116.jpg,scottish_deerhound
bouvier_00117.jpg,affenpinscher
bouvier_00118.jpg,affenpinscher
boxer_00126.jpg,blood_hound
boxer_00127.jpg,basenji
boxer_00128.jpg,basenji
boxer_00129.jpg,basenji
boxer_00130.jpg,airedale
boxer_00131.jpg,pembroke
boxer_00132.jpg,stbernard
boxer_00133.jpg,basenji
boxer_00134.jpg,airedale
boxer_00135.jpg,miniature_pinscher
boxer_00136.jpg,blood_hound
boxer_00137.jpg,australian_terrier
boxer_00138.jpg,golden_retriever
boxer_00139.jpg,golden_retriever
boxer_00140.jpg,airedale
boxer_00141.jpg,stbernard
boxer_00142.jpg,airedale
boxer_00143.jpg,entlebucher
boxer_00144.jpg,papillon
boxer_00145.jpg,australian_terrier
boxer_00146.jpg,australian_terrier
boxer_00147.jpg,australian_terrier
boxer_00148.jpg,pug
brabancon_00119.jpg,airedale
brabancon_00120.jpg,silky_terrier
brabancon_00121.jpg,affenpinscher
brabancon_00122.jpg,affenpinscher
brabancon_00123.jpg,airedale
brabancon_00124.jpg,golden_retriever
brabancon_00125.jpg,blood_hound
brabancon_00126.jpg,dhole
brabancon_00127.jpg,australian_terrier
brabancon_00128.jpg,australian_terrier
brabancon_00129.jpg,australian_terrier
brabancon_00130.jpg,airedale
brabancon_00131.jpg,blood_hound
brabancon_00132.jpg,flatcoated_retriever
brabancon_00133.jpg,silky_terrier
brabancon_00134.jpg,airedale
brabancon_00135.jpg,airedale
brabancon_00136.jpg,airedale
brabancon_00137.jpg,australian_terrier
brabancon_00138.jpg,airedale
brabancon_00139.jpg,australian_terrier
brabancon_00140.jpg,australian_terrier
briard_00115.jpg,flatcoated_retriever
briard_00116.jpg,cairn_terrier
briard_00117.jpg,australian_terrier
briard_00118.jpg,chow
briard_00119.jpg,tibetan_terrier
briard_00120.jpg,maltese
briard_00121.jpg,australian_terrier
briard_00122.jpg,airedale
briard_00123.jpg,affenpinscher
briard_00124.jpg,blood_hound
briard_00125.jpg,cairn_terrier
briard_00126.jpg,cairn_terrier
briard_00127.jpg,norwich_terrier
briard_00128.jpg,australian_terrier
briard_00129.jpg,newfoundland
briard_00130.jpg,blood_hound
briard_00131.jpg,gordon_setter
briard_00132.jpg,australian_terrier
briard_00133.jpg,maltese
briard_00134.jpg,australian_terrier
briard_00135.jpg,pomeranian
brittany_spaniel_00115.jpg,blenheim_spaniel
brittany_spaniel_00116.jpg,maltese
brittany_spaniel_00117.jpg,irish_terrier
brittany_spaniel_00118.jpg,papillon
brittany_spaniel_00119.jpg,blenheim_spaniel
brittany_spaniel_00120.jpg,blenheim_spaniel
brittany_spaniel_00121.jpg,beagle
brittany_spaniel_00122.jpg,blenheim_spaniel
brittany_spaniel_00123.jpg,blenheim_spaniel
brittany_spaniel_00124.jpg,maltese
brittany_spaniel_00125.jpg,blenheim_spaniel
brittany_spaniel_00126.jpg,blenheim_spaniel
brittany_spaniel_00127.jpg,maltese
brittany_spaniel_00128.jpg,blenheim_spaniel
brittany_spaniel_00129.jpg,pomeranian
brittany_spaniel_00130.jpg,chow
brittany_spaniel_00131.jpg,blenheim_spaniel
brittany_spaniel_00132.jpg,blenheim_spaniel
brittany_spaniel_00133.jpg,blenheim_spaniel
brittany_spaniel_00134.jpg,pug
brittany_spaniel_00135.jpg,blenheim_spaniel
bull_mastiff_00116.jpg,basenji
bull_mastiff_00117.jpg,miniature_pinscher
bull_mastiff_00118.jpg,pembroke
bull_mastiff_00119.jpg,airedale
bull_mastiff_00120.jpg,pug
bull_mastiff_00121.jpg,irish_spaniel
bull_mastiff_00122.jpg,norwich_terrier
bull_mastiff_00123.jpg,maltese
bull_mastiff_00124.jpg,irish_spaniel
bull_mastiff_00125.jpg,pembroke
bull_mastiff_00126.jpg,cairn_terrier
bull_mastiff_00127.jpg,maltese
bull_mastiff_00128.jpg,maltese
bull_mastiff_00129.jpg,newfoundland
bull_mastiff_00130.jpg,pug
bull_mastiff_00131.jpg,golden_retriever
bull_mastiff_00132.jpg,maltese
bull_mastiff_00133.jpg,affenpinscher
bull_mastiff_00134.jpg,chow
bull_mastiff_00135.jpg,maltese
bull_mastiff_00136.jpg,blenheim_spaniel
cairn_terrier_00150.jpg,maltese
cairn_terrier_00151.jpg,basenji
cairn_terrier_00152.jpg,australian_terrier
cairn_terrier_00153.jpg,briard
cairn_terrier_00154.jpg,chow
cairn_terrier_00155.jpg,norfolk_terrier
cairn_terrier_00156.jpg,australian_terrier
cairn_terrier_00157.jpg,australian_terrier
cairn_terrier_00158.jpg,lhasa
cairn_terrier_00159.jpg,golden_retriever
cairn_terrier_00160.jpg,norwich_terrier
cairn_terrier_00161.jpg,pomeranian
cairn_terrier_00162.jpg,newfoundland
cairn_terrier_00163.jpg,maltese
cairn_terrier_00164.jpg,blood_hound
cairn_terrier_00165.jpg,maltese
cairn_terrier_00166.jpg,maltese
cairn_terrier_00167.jpg,maltese
cairn_terrier_00168.jpg,dandie_terrier
cairn_terrier_00169.jpg,irish_spaniel
cairn_terrier_00170.jpg,scottish_deerhound
cairn_terrier_00171.jpg,cairn_terrier
cairn_terrier_00172.jpg,affenpinscher
cairn_terrier_00173.jpg,pomeranian
cairn_terrier_00174.jpg,maltese
cairn_terrier_00175.jpg,affenpinscher
cairn_terrier_00176.jpg,chow
cardigan_corgi_00112.jpg,bernese_mountain
cardigan_corgi_00113.jpg,pembroke
cardigan_corgi_00114.jpg,blenheim_spaniel
cardigan_corgi_00115.jpg,stbernard
cardigan_corgi_00116.jpg,bernese_mountain
cardigan_corgi_00117.jpg,miniature_pinscher
cardigan_corgi_00118.jpg,basenji
cardigan_corgi_00119.jpg,entlebucher
cardigan_corgi_00120.jpg,blenheim_spaniel
cardigan_corgi_00121.jpg,blenheim_spaniel
cardigan_corgi_00122.jpg,papillon
cardigan_corgi_00123.jpg,golden_retriever
cardigan_corgi_00124.jpg,border_collie
cardigan_corgi_00125.jpg,blenheim_spaniel
cardigan_corgi_00126.jpg,bernese_mountain
cardigan_corgi_00127.jpg,stbernard
cardigan_corgi_00128.jpg,samoyed
cardigan_corgi_00129.jpg,border_collie
cardigan_corgi_00130.jpg,miniature_pinscher
cardigan_corgi_00131.jpg,stbernard
caucasian_ovcharka_00025.jpg,maltese
caucasian_ovcharka_00026.jpg,tibetan_terrier
caucasian_ovcharka_00027.jpg,maltese
caucasian_ovcharka_00028.jpg,scottish_deerhound
caucasian_ovcharka_00029.jpg,scottish_deerhound
cavapoo_00004.jpg,australian_terrier
chesapeake_retriever_00120.jpg,airedale
chesapeake_retriever_00121.jpg,irish_spaniel
chesapeake_retriever_00122.jpg,maltese
chesapeake_retriever_00123.jpg,airedale
chesapeake_retriever_00124.jpg,australian_terrier
chesapeake_retriever_00125.jpg,australian_terrier
chesapeake_retriever_00126.jpg,lhasa
chesapeake_retriever_00127.jpg,australian_terrier
chesapeake_retriever_00128.jpg,golden_retriever
chesapeake_retriever_00129.jpg,australian_terrier
chesapeake_retriever_00130.jpg,australian_terrier
chesapeake_retriever_00131.jpg,blenheim_spaniel
chesapeake_retriever_00132.jpg,australian_terrier
chesapeake_retriever_00133.jpg,cairn_terrier
chesapeake_retriever_00134.jpg,airedale
chesapeake_retriever_00135.jpg,australian_terrier
chesapeake_retriever_00136.jpg,airedale
chesapeake_retriever_00137.jpg,silky_terrier
chesapeake_retriever_00138.jpg,airedale
chesapeake_retriever_00139.jpg,airedale
chesapeake_retriever_00140.jpg,maltese
chesapeake_retriever_00141.jpg,blood_hound
chihuahua_00109.jpg,basenji
chihuahua_00110.jpg,boston_bulldog
chihuahua_00111.jpg,miniature_pinscher
chihuahua_00112.jpg,maltese
chihuahua_00113.jpg,shihtzu
chihuahua_00114.jpg,airedale
chihuahua_00115.jpg,miniature_pinscher
chihuahua_00116.jpg,basenji
chihuahua_00117.jpg,blenheim_spaniel
chihuahua_00118.jpg,chow
chihuahua_00119.jpg,border_collie
chihuahua_00120.jpg,golden_retriever
chihuahua_00121.jpg,maltese
chihuahua_00122.jpg,maltese
chihuahua_00123.jpg,irish_terrier
chihuahua_00124.jpg,irish_terrier
chihuahua_00125.jpg,basenji
chihuahua_00126.jpg,maltese
chihuahua_00127.jpg,dhole
chihuahua_00128.jpg,blenheim_spaniel
chow_00155.jpg,chow
chow_00156.jpg,cairn_terrier
chow_00157.jpg,chow
chow_00158.jpg,norwich_terrier
chow_00159.jpg,australian_terrier
chow_00160.jpg,irish_terrier
chow_00161.jpg,pug
chow_00162.jpg,chow
chow_00163.jpg,pomeranian
chow_00164.jpg,silky_terrier
chow_00165.jpg,golden_retriever
chow_00166.jpg,australian_terrier
chow_00167.jpg,pug
chow_00168.jpg,golden_retriever
chow_00169.jpg,australian_terrier
chow_00170.jpg,chow
chow_00171.jpg,australian_terrier
chow_00172.jpg,lhasa
chow_00173.jpg,australian_terrier
chow_00174.jpg,irish_terrier
chow_00175.jpg,australian_terrier
chow_00176.jpg,chow
chow_00177.jpg,rottweiler
chow_00178.jpg,australian_terrier
chow_00179.jpg,australian_terrier
chow_00180.jpg,chow
chow_00181.jpg,maltese
chow_00182.jpg,golden_retriever
clumber_00098.jpg,maltese
clumber_00099.jpg,maltese
clumber_00100.jpg,maltese
clumber_00101.jpg,maltese
clumber_00102.jpg,maltese
clumber_00103.jpg,samoyed
clumber_00104.jpg,maltese
clumber_00105.jpg,pomeranian
clumber_00106.jpg,maltese
clumber_00107.jpg,papillon
clumber_00108.jpg,pembroke
clumber_00109.jpg,maltese
clumber_00110.jpg,maltese
clumber_00111.jpg,golden_retriever
clumber_00112.jpg,maltese
clumber_00113.jpg,maltese
clumber_00114.jpg,maltese
clumber_00115.jpg,maltese
cockapoo_00013.jpg,irish_terrier
cockapoo_00014.jpg,maltese
cockapoo_00015.jpg,chow
cocker_spaniel_00147.jpg,australian_terrier
cocker_spaniel_00148.jpg,airedale
cocker_spaniel_00149.jpg,newfoundland
cocker_spaniel_00150.jpg,australian_terrier
cocker_spaniel_00151.jpg,australian_terrier
cocker_spaniel_00152.jpg,maltese
cocker_spaniel_00153.jpg,australian_terrier
cocker_spaniel_00154.jpg,blenheim_spaniel
cocker_spaniel_00155.jpg,australian_terrier
cocker_spaniel_00156.jpg,keeshond
cocker_spaniel_00157.jpg,husky
cocker_spaniel_00158.jpg,flatcoated_retriever
cocker_spaniel_00159.jpg,border_collie
cocker_spaniel_00160.jpg,pomeranian
cocker_spaniel_00161.jpg,pug
cocker_spaniel_00162.jpg,border_collie
cocker_spaniel_00163.jpg,flatcoated_retriever
cocker_spaniel_00164.jpg,australian_terrier
cocker_spaniel_00165.jpg,schipperke
cocker_spaniel_00166.jpg,maltese
cocker_spaniel_00167.jpg,boston_bulldog
cocker_spaniel_00168.jpg,maltese
cocker_spaniel_00169.jpg,australian_terrier
cocker_spaniel_00170.jpg,chow
cocker_spaniel_00171.jpg,blenheim_spaniel
cocker_spaniel_00172.jpg,maltese
cocker_spaniel_00173.jpg,pomeranian
coonhound_00110.jpg,rottweiler
coonhound_00111.jpg,entlebucher
coonhound_00112.jpg,airedale
coonhound_00113.jpg,rottweiler
coonhound_00114.jpg,silky_terrier
coonhound_00115.jpg,entlebucher
coonhound_00116.jpg,rottweiler
coonhound_00117.jpg,miniature_pinscher
coonhound_00118.jpg,rottweiler
coonhound_00119.jpg,miniature_pinscher
coonhound_00120.jpg,gordon_setter
coonhound_00121.jpg,flatcoated_retriever
coonhound_00122.jpg,rottweiler
coonhound_00123.jpg,rottweiler
coonhound_00124.jpg,entlebucher
coonhound_00125.jpg,rottweiler
coonhound_00126.jpg,gordon_setter
coonhound_00127.jpg,african
coonhound_00128.jpg,gordon_setter
coonhound_00129.jpg,miniature_pinscher
cotondetulear_00003.jpg,newfoundland
curly_retriever_00109.jpg,tibetan_terrier
curly_retriever_00110.jpg,miniature_pinscher
curly_retriever_00111.jpg,miniature_pinscher
curly_retriever_00112.jpg,affenpinscher
curly_retriever_00113.jpg,affenpinscher
curly_retriever_00114.jpg,schipperke
curly_retriever_00115.jpg,flatcoated_retriever
curly_retriever_00116.jpg,affenpinscher
curly_retriever_00117.jpg,cairn_terrier
curly_retriever_00118.jpg,gordon_setter
curly_retriever_00119.jpg,irish_spaniel
curly_retriever_00120.jpg,affenpinscher
curly_retriever_00121.jpg,newfoundland
curly_retriever_00122.jpg,affenpinscher
curly_retriever_00123.jpg,irish_spaniel
curly_retriever_00124.jpg,irish_spaniel
curly_retriever_00125.jpg,affenpinscher
curly_retriever_00126.jpg,newfoundland
curly_retriever_00127.jpg,flatcoated_retriever
curly_retriever_00128.jpg,gordon_setter
dachshund_00026.jpg,blood_hound
dachshund_00027.jpg,airedale
dachshund_00028.jpg,miniature_pinscher
dachshund_00029.jpg,irish_terrier
dachshund_00030.jpg,airedale
dalmatian_00000.jpg,husky
dandie_terrier_00125.jpg,maltese
dandie_terrier_00126.jpg,maltese
dandie_terrier_00127.jpg,maltese
dandie_terrier_00128.jpg,australian_terrier
dandie_terrier_00129.jpg,maltese
dandie_terrier_00130.jpg,australian_terrier
dandie_terrier_00131.jpg,pomeranian
dandie_terrier_00132.jpg,maltese
dandie_terrier_00133.jpg,australian_terrier
dandie_terrier_00134.jpg,border_collie
dandie_terrier_00135.jpg,maltese
dandie_terrier_00136.jpg,maltese
dandie_terrier_00137.jpg,tibetan_terrier
dandie_terrier_00138.jpg,maltese
dandie_terrier_00139.jpg,maltese
dandie_terrier_00140.jpg,maltese
dandie_terrier_00141.jpg,blenheim_spaniel
dandie_terrier_00142.jpg,maltese
dandie_terrier_00143.jpg,golden_retriever
dandie_terrier_00144.jpg,maltese
dandie_terrier_00145.jpg,newfoundland
dandie_terrier_00146.jpg,maltese
dandie_terrier_00147.jpg,norwich_terrier
dhole_00127.jpg,chow
dhole_00128.jpg,australian_terrier
dhole_00129.jpg,golden_retriever
dhole_00130.jpg,australian_terrier
dhole_00131.jpg,norwich_terrier
dhole_00132.jpg,cairn_terrier
dhole_00133.jpg,australian_terrier
dhole_00134.jpg,golden_retriever
dhole_00135.jpg,airedale
dhole_00136.jpg,blood_hound
dhole_00137.jpg,cairn_terrier
dhole_00138.jpg,australian_terrier
dhole_00139.jpg,airedale
dhole_00140.jpg,pomeranian
dhole_00141.jpg,airedale
dhole_00142.jpg,australian_terrier
dhole_00143.jpg,airedale
dhole_00144.jpg,dhole
dhole_00145.jpg,dhole
dhole_00146.jpg,pembroke
dhole_00147.jpg,airedale
dhole_00148.jpg,dhole
dhole_00149.jpg,golden_retriever
dingo_00125.jpg,pomeranian
dingo_00126.jpg,pembroke
dingo_00127.jpg,papillon
dingo_00128.jpg,maltese
dingo_00129.jpg,irish_terrier
dingo_00130.jpg,pembroke
dingo_00131.jpg,cairn_terrier
dingo_00132.jpg,golden_retriever
dingo_00133.jpg,blenheim_spaniel
dingo_00134.jpg,pembroke
dingo_00135.jpg,irish_terrier
dingo_00136.jpg,dhole
dingo_00137.jpg,lhasa
dingo_00138.jpg,golden_retriever
dingo_00139.jpg,basenji
dingo_00140.jpg,irish_terrier
dingo_00141.jpg,dhole
dingo_00142.jpg,maltese
dingo_00143.jpg,shihtzu
dingo_00144.jpg,maltese
dingo_00145.jpg,golden_retriever
dingo_00146.jpg,norwich_terrier
dingo_00147.jpg,golden_retriever
doberman_00116.jpg,airedale
doberman_00117.jpg,rottweiler
doberman_00118.jpg,miniature_pinscher
doberman_00119.jpg,miniature_pinscher
doberman_00120.jpg,rottweiler
doberman_00121.jpg,rottweiler
doberman_00122.jpg,miniature_pinscher
doberman_00123.jpg,gordon_setter
doberman_00124.jpg,flatcoated_retriever
doberman_00125.jpg,rottweiler
doberman_00126.jpg,rottweiler
doberman_00127.jpg,rottweiler
doberman_00128.jpg,rottweiler
doberman_00129.jpg,rottweiler
doberman_00130.jpg,toy_terrier
doberman_00131.jpg,entlebucher
doberman_00132.jpg,entlebucher
doberman_00133.jpg,irish_spaniel
doberman_00134.jpg,airedale
doberman_00135.jpg,airedale
doberman_00136.jpg,rottweiler
english_bulldog_00004.jpg,bernese_mountain
english_hound_00096.jpg,papillon
english_hound_00097.jpg,bernese_mountain
english_hound_00098.jpg,stbernard
english_hound_00099.jpg,blenheim_spaniel
english_hound_00100.jpg,basenji
english_hound_00101.jpg,blenheim_spaniel
english_hound_00102.jpg,blenheim_spaniel
english_hound_00103.jpg,blenheim_spaniel
english_hound_00104.jpg,beagle
english_hound_00105.jpg,dhole
english_hound_00106.jpg,blenheim_spaniel
english_hound_00107.jpg,blenheim_spaniel
english_hound_00108.jpg,blenheim_spaniel
english_hound_00109.jpg,irish_terrier
english_hound_00110.jpg,blenheim_spaniel
english_hound_00111.jpg,airedale
english_hound_00112.jpg,pembroke
english_hound_00113.jpg,stbernard
english_mastiff_00003.jpg,airedale
english_setter_00127.jpg,border_collie
english_setter_00128.jpg,papillon
english_setter_00129.jpg,japanese_spaniel
english_setter_00130.jpg,maltese
english_setter_00131.jpg,airedale
english_setter_00132.jpg,maltese
english_setter_00133.jpg,border_collie
english_setter_00134.jpg,blenheim_spaniel
english_setter_00135.jpg,beagle
english_setter_00136.jpg,blenheim_spaniel
english_setter_00137.jpg,pomeranian
english_setter_00138.jpg,blenheim_spaniel
english_setter_00139.jpg,norwich_terrier
english_setter_00140.jpg,australian_terrier
english_setter_00141.jpg,bernese_mountain
english_setter_00142.jpg,blenheim_spaniel
english_setter_00143.jpg,blenheim_spaniel
english_setter_00144.jpg,maltese
english_setter_00145.jpg,border_collie
english_setter_00146.jpg,maltese
english_setter_00147.jpg,shihtzu
english_setter_00148.jpg,maltese
english_setter_00149.jpg,maltese
english_sheepdog_00123.jpg,maltese
english_sheepdog_00124.jpg,maltese
english_sheepdog_00125.jpg,maltese
english_sheepdog_00126.jpg,maltese
english_sheepdog_00127.jpg,maltese
english_sheepdog_00128.jpg,tibetan_terrier
english_sheepdog_00129.jpg,maltese
english_sheepdog_00130.jpg,maltese
english_sheepdog_00131.jpg,stbernard
english_sheepdog_00132.jpg,husky
english_sheepdog_00133.jpg,tibetan_terrier
english_sheepdog_00134.jpg,maltese
english_sheepdog_00135.jpg,husky
english_sheepdog_00136.jpg,maltese
english_sheepdog_00137.jpg,maltese
english_sheepdog_00138.jpg,maltese
english_sheepdog_00139.jpg,maltese
english_sheepdog_00140.jpg,maltese
english_sheepdog_00141.jpg,husky
english_sheepdog_00142.jpg,maltese
english_sheepdog_00143.jpg,scottish_deerhound
english_sheepdog_00144.jpg,maltese
english_springer_00127.jpg,border_collie
english_springer_00128.jpg,bernese_mountain
english_springer_00129.jpg,border_collie
english_springer_00130.jpg,bernese_mountain
english_springer_00131.jpg,entlebucher
english_springer_00132.jpg,bernese_mountain
english_springer_00133.jpg,papillon
english_springer_00134.jpg,stbernard
english_springer_00135.jpg,border_collie
english_springer_00136.jpg,papillon
english_springer_00137.jpg,bernese_mountain
english_springer_00138.jpg,stbernard
english_springer_00139.jpg,stbernard
english_springer_00140.jpg,border_collie
english_springer_00141.jpg,pug
english_springer_00142.jpg,basenji
english_springer_00143.jpg,papillon
english_springer_00144.jpg,blenheim_spaniel
english_springer_00145.jpg,border_collie
english_springer_00146.jpg,border_collie
english_springer_00147.jpg,border_collie
english_springer_00148.jpg,blenheim_spaniel
english_springer_00149.jpg,stbernard
entlebucher_00170.jpg,entlebucher
entlebucher_00171.jpg,entlebucher
entlebucher_00172.jpg,entlebucher
entlebucher_00173.jpg,entlebucher
entlebucher_00174.jpg,entlebucher
entlebucher_00175.jpg,entlebucher
entlebucher_00176.jpg,entlebucher
entlebucher_00177.jpg,entlebucher
entlebucher_00178.jpg,entlebucher
entlebucher_00179.jpg,entlebucher
entlebucher_00180.jpg,boston_bulldog
entlebucher_00181.jpg,entlebucher
entlebucher_00182.jpg,entlebucher
entlebucher_00183.jpg,entlebucher
entlebucher_00184.jpg,entlebucher
entlebucher_00185.jpg,bernese_mountain
entlebucher_00186.jpg,entlebucher
entlebucher_00187.jpg,entlebucher
entlebucher_00188.jpg,bernese_mountain
entlebucher_00189.jpg,entlebucher
entlebucher_00190.jpg,entlebucher
entlebucher_00191.jpg,bernese_mountain
entlebucher_00192.jpg,bernese_mountain
entlebucher_00193.jpg,entlebucher
entlebucher_00194.jpg,entlebucher
entlebucher_00195.jpg,entlebucher
entlebucher_00196.jpg,entlebucher
entlebucher_00197.jpg,entlebucher
entlebucher_00198.jpg,bernese_mountain
entlebucher_00199.jpg,miniature_pinscher
eskimo_00119.jpg,keeshond
eskimo_00120.jpg,maltese
eskimo_00121.jpg,border_collie
eskimo_00122.jpg,maltese
eskimo_00123.jpg,japanese_spaniel
eskimo_00124.jpg,maltese
eskimo_00125.jpg,bernese_mountain
eskimo_00126.jpg,blenheim_spaniel
eskimo_00127.jpg,japanese_spaniel
eskimo_00128.jpg,maltese
eskimo_00129.jpg,golden_retriever
eskimo_00130.jpg,japanese_spaniel
eskimo_00131.jpg,maltese
eskimo_00132.jpg,japanese_spaniel
eskimo_00133.jpg,blenheim_spaniel
eskimo_00134.jpg,border_collie
eskimo_00135.jpg,husky
eskimo_00136.jpg,stbernard
eskimo_00137.jpg,husky
eskimo_00138.jpg,border_collie
eskimo_00139.jpg,maltese
flatcoated_retriever_00120.jpg,newfoundland
flatcoated_retriever_00121.jpg,flatcoated_retriever
flatcoated_retriever_00122.jpg,entlebucher
flatcoated_retriever_00123.jpg,affenpinscher
flatcoated_retriever_00124.jpg,border_collie
flatcoated_retriever_00125.jpg,gordon_setter
flatcoated_retriever_00126.jpg,affenpinscher
flatcoated_retriever_00127.jpg,gordon_setter
flatcoated_retriever_00128.jpg,affenpinscher
flatcoated_retriever_00129.jpg,border_collie
flatcoated_retriever_00130.jpg,flatcoated_retriever
flatcoated_retriever_00131.jpg,flatcoated_retriever
flatcoated_retriever_00132.jpg,flatcoated_retriever
flatcoated_retriever_00133.jpg,newfoundland
flatcoated_retriever_00134.jpg,rottweiler
flatcoated_retriever_00135.jpg,entlebucher
flatcoated_retriever_00136.jpg,gordon_setter
flatcoated_retriever_00137.jpg,flatcoated_retriever
flatcoated_retriever_00138.jpg,flatcoated_retriever
flatcoated_retriever_00139.jpg,newfoundland
flatcoated_retriever_00140.jpg,newfoundland
flatcoated_retriever_00141.jpg,affenpinscher
fox_terrier_00113.jpg,maltese
fox_terrier_00114.jpg,lhasa
fox_terrier_00115.jpg,maltese
fox_terrier_00116.jpg,irish_spaniel
fox_terrier_00117.jpg,pug
fox_terrier_00118.jpg,blenheim_spaniel
fox_terrier_00119.jpg,australian_terrier
fox_terrier_00120.jpg,australian_terrier
fox_terrier_00121.jpg,samoyed
fox_terrier_00122.jpg,japanese_spaniel
fox_terrier_00123.jpg,papillon
fox_terrier_00124.jpg,maltese
fox_terrier_00125.jpg,golden_retriever
fox_terrier_00126.jpg,airedale
fox_terrier_00127.jpg,blood_hound
fox_terrier_00128.jpg,maltese
fox_terrier_00129.jpg,japanese_spaniel
fox_terrier_00130.jpg,maltese
fox_terrier_00131.jpg,maltese
fox_terrier_00132.jpg,stbernard
fox_terrier_00133.jpg,maltese
french_bulldog_00124.jpg,border_collie
french_bulldog_00125.jpg,miniature_pinscher
french_bulldog_00126.jpg,maltese
french_bulldog_00127.jpg,bernese_mountain
french_bulldog_00128.jpg,samoyed
french_bulldog_00129.jpg,blenheim_spaniel
french_bulldog_00130.jpg,pug
french_bulldog_00131.jpg,newfoundland
french_bulldog_00132.jpg,maltese
french_bulldog_00133.jpg,border_collie
french_bulldog_00134.jpg,pug
french_bulldog_00135.jpg,affenpinscher
french_bulldog_00136.jpg,boston_bulldog
french_bulldog_00137.jpg,boston_bulldog
french_bulldog_00138.jpg,newfoundland
french_bulldog_00139.jpg,pomeranian
french_bulldog_00140.jpg,schipperke
french_bulldog_00141.jpg,samoyed
french_bulldog_00142.jpg,stbernard
french_bulldog_00143.jpg,flatcoated_retriever
french_bulldog_00144.jpg,newfoundland
french_bulldog_00145.jpg,husky
german_pointer_00117.jpg,stbernard
german_pointer_00118.jpg,silky_terrier
german_pointer_00119.jpg,tibetan_terrier
german_pointer_00120.jpg,gordon_setter
german_pointer_00121.jpg,maltese
german_pointer_00122.jpg,bernese_mountain
german_pointer_00123.jpg,blood_hound
german_pointer_00124.jpg,irish_spaniel
german_pointer_00125.jpg,airedale
german_pointer_00126.jpg,cairn_terrier
german_pointer_00127.jpg,miniature_pinscher
german_pointer_00128.jpg,pug
german_pointer_00129.jpg,rottweiler
german_pointer_00130.jpg,newfoundland
german_pointer_00131.jpg,gordon_setter
german_pointer_00132.jpg,airedale
german_pointer_00133.jpg,maltese
german_pointer_00134.jpg,bernese_mountain
german_pointer_00135.jpg,scottish_deerhound
german_pointer_00136.jpg,entlebucher
german_pointer_00137.jpg,silky_terrier
germanlonghair_pointer_00003.jpg,affenpinscher
germanshepherd_00115.jpg,airedale
germanshepherd_00116.jpg,miniature_pinscher
germanshepherd_00117.jpg,bernese_mountain
germanshepherd_00118.jpg,airedale
germanshepherd_00119.jpg,blood_hound
germanshepherd_00120.jpg,entlebucher
germanshepherd_00121.jpg,rottweiler
germanshepherd_00122.jpg,pomeranian
germanshepherd_00123.jpg,papillon
germanshepherd_00124.jpg,boston_bulldog
germanshepherd_00125.jpg,miniature_pinscher
germanshepherd_00126.jpg,australian_terrier
germanshepherd_00127.jpg,blood_hound
germanshepherd_00128.jpg,airedale
germanshepherd_00129.jpg,airedale
germanshepherd_00130.jpg,bernese_mountain
germanshepherd_00131.jpg,australian_terrier
germanshepherd_00132.jpg,border_collie
germanshepherd_00133.jpg,blood_hound
germanshepherd_00134.jpg,airedale
germanshepherd_00135.jpg,rottweiler
golden_retriever_00146.jpg,australian_terrier
golden_retriever_00147.jpg,irish_terrier
golden_retriever_00148.jpg,chow
golden_retriever_00149.jpg,maltese
golden_retriever_00150.jpg,irish_terrier
golden_retriever_00151.jpg,scottish_deerhound
golden_retriever_00152.jpg,norwich_terrier
golden_retriever_00153.jpg,irish_terrier
golden_retriever_00154.jpg,pomeranian
golden_retriever_00155.jpg,blenheim_spaniel
golden_retriever_00156.jpg,chow
golden_retriever_00157.jpg,pomeranian
golden_retriever_00158.jpg,maltese
golden_retriever_00159.jpg,maltese
golden_retriever_00160.jpg,papillon
golden_retriever_00161.jpg,norwich_terrier
golden_retriever_00162.jpg,pembroke
golden_retriever_00163.jpg,irish_terrier
golden_retriever_00164.jpg,irish_terrier
golden_retriever_00165.jpg,chow
golden_retriever_00166.jpg,pomeranian
golden_retriever_00167.jpg,maltese
golden_retriever_00168.jpg,cairn_terrier
golden_retriever_00169.jpg,maltese
golden_retriever_00170.jpg,lakeland_terrier
golden_retriever_00171.jpg,pomeranian
gordon_setter_00118.jpg,rottweiler
gordon_setter_00119.jpg,flatcoated_retriever
gordon_setter_00120.jpg,airedale
gordon_setter_00121.jpg,gordon_setter
gordon_setter_00122.jpg,silky_terrier
gordon_setter_00123.jpg,affenpinscher
gordon_setter_00124.jpg,flatcoated_retriever
gordon_setter_00125.jpg,rottweiler
gordon_setter_00126.jpg,gordon_setter
gordon_setter_00127.jpg,rottweiler
gordon_setter_00128.jpg,irish_spaniel
gordon_setter_00129.jpg,affenpinscher
gordon_setter_00130.jpg,rottweiler
gordon_setter_00131.jpg,gordon_setter
gordon_setter_00132.jpg,rottweiler
gordon_setter_00133.jpg,flatcoated_retriever
gordon_setter_00134.jpg,rottweiler
gordon_setter_00135.jpg,entlebucher
gordon_setter_00136.jpg,rottweiler
gordon_setter_00137.jpg,flatcoated_retriever
gordon_setter_00138.jpg,irish_spaniel
great_dane_00107.jpg,husky
great_dane_00108.jpg,miniature_pinscher
great_dane_00109.jpg,bernese_mountain
great_dane_00110.jpg,husky
great_dane_00111.jpg,bernese_mountain
great_dane_00112.jpg,pug
great_dane_00113.jpg,airedale
great_dane_00114.jpg,samoyed
great_dane_00115.jpg,husky
great_dane_00116.jpg,husky
great_dane_00117.jpg,airedale
great_dane_00118.jpg,airedale
great_dane_00119.jpg,australian_terrier
great_dane_00120.jpg,keeshond
great_dane_00121.jpg,husky
great_dane_00122.jpg,entlebucher
great_dane_00123.jpg,airedale
great_dane_00124.jpg,entlebucher
great_dane_00125.jpg,newfoundland
great_dane_00126.jpg,miniature_pinscher
groenendael_00107.jpg,beagle
groenendael_00108.jpg,affenpinscher
groenendael_00109.jpg,affenpinscher
groenendael_00110.jpg,bernese_mountain
groenendael_00111.jpg,gordon_setter
groenendael_00112.jpg,gordon_setter
groenendael_00113.jpg,affenpinscher
groenendael_00114.jpg,affenpinscher
groenendael_00115.jpg,gordon_setter
groenendael_00116.jpg,affenpinscher
groenendael_00117.jpg,newfoundland
groenendael_00118.jpg,newfoundland
groenendael_00119.jpg,pug
groenendael_00120.jpg,affenpinscher
groenendael_00121.jpg,newfoundland
groenendael_00122.jpg,scottish_deerhound
groenendael_00123.jpg,affenpinscher
groenendael_00124.jpg,husky
groenendael_00125.jpg,gordon_setter
havanese_00004.jpg,pomeranian
husky_00160.jpg,maltese
husky_00161.jpg,husky
husky_00162.jpg,boston_bulldog
husky_00163.jpg,boston_bulldog
husky_00164.jpg,border_collie
husky_00165.jpg,maltese
husky_00166.jpg,scottish_deerhound
husky_00167.jpg,maltese
husky_00168.jpg,husky
husky_00169.jpg,entlebucher
husky_00170.jpg,maltese
husky_00171.jpg,papillon
husky_00172.jpg,maltese
husky_00173.jpg,pug
husky_00174.jpg,japanese_spaniel
husky_00175.jpg,japanese_spaniel
husky_00176.jpg,maltese
husky_00177.jpg,maltese
husky_00178.jpg,australian_terrier
husky_00179.jpg,border_collie
husky_00180.jpg,tibetan_terrier
husky_00181.jpg,border_collie
husky_00182.jpg,maltese
husky_00183.jpg,pomeranian
husky_00184.jpg,samoyed
husky_00185.jpg,blenheim_spaniel
husky_00186.jpg,papillon
husky_00187.jpg,husky
husky_00188.jpg,border_collie
ibizan_hound_00130.jpg,blenheim_spaniel
ibizan_hound_00131.jpg,blenheim_spaniel
ibizan_hound_00132.jpg,basenji
ibizan_hound_00133.jpg,australian_terrier
ibizan_hound_00134.jpg,blenheim_spaniel
ibizan_hound_00135.jpg,basenji
ibizan_hound_00136.jpg,blenheim_spaniel
ibizan_hound_00137.jpg,stbernard
ibizan_hound_00138.jpg,boston_bulldog
ibizan_hound_00139.jpg,maltese
ibizan_hound_00140.jpg,basenji
ibizan_hound_00141.jpg,chow
ibizan_hound_00142.jpg,pembroke
ibizan_hound_00143.jpg,basenji
ibizan_hound_00144.jpg,pembroke
ibizan_hound_00145.jpg,golden_retriever
ibizan_hound_00146.jpg,airedale
ibizan_hound_00147.jpg,pembroke
ibizan_hound_00148.jpg,maltese
ibizan_hound_00149.jpg,blenheim_spaniel
ibizan_hound_00150.jpg,shihtzu
ibizan_hound_00151.jpg,blenheim_spaniel
ibizan_hound_00152.jpg,blenheim_spaniel
ibizan_hound_00153.jpg,blenheim_spaniel
irish_setter_00110.jpg,australian_terrier
irish_setter_00111.jpg,airedale
irish_setter_00112.jpg,golden_retriever
irish_setter_00113.jpg,australian_terrier
irish_setter_00114.jpg,irish_terrier
irish_setter_00115.jpg,airedale
irish_setter_00116.jpg,australian_terrier
irish_setter_00117.jpg,australian_terrier
irish_setter_00118.jpg,australian_terrier
irish_setter_00119.jpg,australian_terrier
irish_setter_00120.jpg,airedale
irish_setter_00121.jpg,silky_terrier
irish_setter_00122.jpg,blood_hound
irish_setter_00123.jpg,scottish_deerhound
irish_setter_00124.jpg,australian_terrier
irish_setter_00125.jpg,australian_terrier
irish_setter_00126.jpg,irish_terrier
irish_setter_00127.jpg,australian_terrier
irish_setter_00128.jpg,airedale
irish_setter_00129.jpg,airedale
irish_spaniel_00119.jpg,irish_spaniel
irish_spaniel_00120.jpg,scottish_deerhound
irish_spaniel_00121.jpg,irish_spaniel
irish_spaniel_00122.jpg,irish_spaniel
irish_spaniel_00123.jpg,irish_spaniel
irish_spaniel_00124.jpg,irish_spaniel
irish_spaniel_00125.jpg,gordon_setter
irish_spaniel_00126.jpg,newfoundland
irish_spaniel_00127.jpg,airedale
irish_spaniel_00128.jpg,gordon_setter
irish_spaniel_00129.jpg,newfoundland
irish_spaniel_00130.jpg,irish_spaniel
irish_spaniel_00131.jpg,irish_spaniel
irish_spaniel_00132.jpg,irish_spaniel
irish_spaniel_00133.jpg,border_collie
irish_spaniel_00134.jpg,irish_spaniel
irish_spaniel_00135.jpg,flatcoated_retriever
irish_spaniel_00136.jpg,affenpinscher
irish_spaniel_00137.jpg,irish_spaniel
irish_spaniel_00138.jpg,silky_terrier
irish_spaniel_00139.jpg,irish_spaniel
irish_spaniel_00140.jpg,silky_terrier
irish_terrier_00133.jpg,norwich_terrier
irish_terrier_00134.jpg,airedale
irish_terrier_00135.jpg,australian_terrier
irish_terrier_00136.jpg,airedale
irish_terrier_00137.jpg,airedale
irish_terrier_00138.jpg,australian_terrier
irish_terrier_00139.jpg,pembroke
irish_terrier_00140.jpg,australian_terrier
irish_terrier_00141.jpg,australian_terrier
irish_terrier_00142.jpg,irish_terrier
irish_terrier_00143.jpg,golden_retriever
irish_terrier_00144.jpg,australian_terrier
irish_terrier_00145.jpg,australian_terrier
irish_terrier_00146.jpg,silky_terrier
irish_terrier_00147.jpg,irish_terrier
irish_terrier_00148.jpg,australian_terrier
irish_terrier_00149.jpg,blood_hound
irish_terrier_00150.jpg,blood_hound
irish_terrier_00151.jpg,australian_terrier
irish_terrier_00152.jpg,irish_terrier
irish_terrier_00153.jpg,australian_terrier
irish_terrier_00154.jpg,airedale
irish_terrier_00155.jpg,australian_terrier
irish_terrier_00156.jpg,basenji
irish_wolfhound_00114.jpg,pug
irish_wolfhound_00115.jpg,pug
irish_wolfhound_00116.jpg,tibetan_terrier
irish_wolfhound_00117.jpg,maltese
irish_wolfhound_00118.jpg,cairn_terrier
irish_wolfhound_00119.jpg,maltese
irish_wolfhound_00120.jpg,maltese
irish_wolfhound_00121.jpg,shihtzu
irish_wolfhound_00122.jpg,husky
irish_wolfhound_00123.jpg,pug
irish_wolfhound_00124.jpg,australian_terrier
irish_wolfhound_00125.jpg,cairn_terrier
irish_wolfhound_00126.jpg,husky
irish_wolfhound_00127.jpg,newfoundland
irish_wolfhound_00128.jpg,airedale
irish_wolfhound_00129.jpg,pug
irish_wolfhound_00130.jpg,cairn_terrier
irish_wolfhound_00131.jpg,scottish_deerhound
irish_wolfhound_00132.jpg,newfoundland
irish_wolfhound_00133.jpg,cairn_terrier
irish_wolfhound_00134.jpg,tibetan_terrier
italian_greyhound_00120.jpg,entlebucher
italian_greyhound_00121.jpg,entlebucher
italian_greyhound_00122.jpg,bernese_mountain
italian_greyhound_00123.jpg,shihtzu
italian_greyhound_00124.jpg,bernese_mountain
italian_greyhound_00125.jpg,husky
italian_greyhound_00126.jpg,dhole
italian_greyhound_00127.jpg,cairn_terrier
italian_greyhound_00128.jpg,dhole
italian_greyhound_00129.jpg,stbernard
italian_greyhound_00130.jpg,australian_terrier
italian_greyhound_00131.jpg,toy_terrier
italian_greyhound_00132.jpg,entlebucher
italian_greyhound_00133.jpg,maltese
italian_greyhound_00134.jpg,airedale
italian_greyhound_00135.jpg,japanese_spaniel
italian_greyhound_00136.jpg,bernese_mountain
italian_greyhound_00137.jpg,bernese_mountain
italian_greyhound_00138.jpg,entlebucher
italian_greyhound_00139.jpg,basenji
italian_greyhound_00140.jpg,boston_bulldog
italian_greyhound_00141.jpg,papillon
japanese_spaniel_00138.jpg,papillon
japanese_spaniel_00139.jpg,border_collie
japanese_spaniel_00140.jpg,japanese_spaniel
japanese_spaniel_00141.jpg,papillon
japanese_spaniel_00142.jpg,blenheim_spaniel
japanese_spaniel_00143.jpg,border_collie
japanese_spaniel_00144.jpg,papillon
japanese_spaniel_00145.jpg,blenheim_spaniel
japanese_spaniel_00146.jpg,blenheim_spaniel
japanese_spaniel_00147.jpg,japanese_spaniel
japanese_spaniel_00148.jpg,border_collie
japanese_spaniel_00149.jpg,japanese_spaniel
japanese_spaniel_00150.jpg,border_collie
japanese_spaniel_00151.jpg,keeshond
japanese_spaniel_00152.jpg,papillon
japanese_spaniel_00153.jpg,papillon
japanese_spaniel_00154.jpg,blenheim_spaniel
japanese_spaniel_00155.jpg,bernese_mountain
japanese_spaniel_00156.jpg,japanese_spaniel
japanese_spaniel_00157.jpg,shihtzu
japanese_spaniel_00158.jpg,samoyed
japanese_spaniel_00159.jpg,japanese_spaniel
japanese_spaniel_00160.jpg,maltese
japanese_spaniel_00161.jpg,blenheim_spaniel
japanese_spaniel_00162.jpg,border_collie
japanese_spitz_00005.jpg,samoyed
keeshond_00114.jpg,husky
keeshond_00115.jpg,tibetan_terrier
keeshond_00116.jpg,husky
keeshond_00117.jpg,flatcoated_retriever
keeshond_00118.jpg,border_collie
keeshond_00119.jpg,papillon
keeshond_00120.jpg,border_collie
keeshond_00121.jpg,pug
keeshond_00122.jpg,maltese
keeshond_00123.jpg,husky
keeshond_00124.jpg,maltese
keeshond_00125.jpg,border_collie
keeshond_00126.jpg,husky
keeshond_00127.jpg,newfoundland
keeshond_00128.jpg,keeshond
keeshond_00129.jpg,border_collie
keeshond_00130.jpg,pug
keeshond_00131.jpg,schipperke
keeshond_00132.jpg,maltese
keeshond_00133.jpg,pug
keeshond_00134.jpg,husky
kelpie_00124.jpg,miniature_pinscher
kelpie_00125.jpg,border_collie
kelpie_00126.jpg,rottweiler
kelpie_00127.jpg,miniature_pinscher
kelpie_00128.jpg,flatcoated_retriever
kelpie_00129.jpg,dhole
kelpie_00130.jpg,airedale
kelpie_00131.jpg,australian_terrier
kelpie_00132.jpg,rottweiler
kelpie_00133.jpg,border_collie
kelpie_00134.jpg,bernese_mountain
kelpie_00135.jpg,miniature_pinscher
kelpie_00136.jpg,blood_hound
kelpie_00137.jpg,airedale
kelpie_00138.jpg,keeshond
kelpie_00139.jpg,irish_terrier
kelpie_00140.jpg,husky
kelpie_00141.jpg,airedale
kelpie_00142.jpg,scottish_deerhound
kelpie_00143.jpg,miniature_pinscher
kelpie_00144.jpg,irish_spaniel
kelpie_00145.jpg,boston_bulldog
kelpie_00146.jpg,irish_spaniel
kelpie_australian_00006.jpg,blood_hound
kelpie_australian_00007.jpg,irish_terrier
kerryblue_terrier_00100.jpg,bouvier
kerryblue_terrier_00101.jpg,affenpinscher
kerryblue_terrier_00102.jpg,affenpinscher
kerryblue_terrier_00103.jpg,maltese
kerryblue_terrier_00104.jpg,affenpinscher
kerryblue_terrier_00105.jpg,affenpinscher
kerryblue_terrier_00106.jpg,affenpinscher
kerryblue_terrier_00107.jpg,newfoundland
kerryblue_terrier_00108.jpg,scottish_deerhound
kerryblue_terrier_00109.jpg,newfoundland
kerryblue_terrier_00110.jpg,gordon_setter
kerryblue_terrier_00111.jpg,bouvier
kerryblue_terrier_00112.jpg,australian_terrier
kerryblue_terrier_00113.jpg,scottish_terrier
kerryblue_terrier_00114.jpg,affenpinscher
kerryblue_terrier_00115.jpg,flatcoated_retriever
kerryblue_terrier_00116.jpg,flatcoated_retriever
kerryblue_terrier_00117.jpg,border_collie
komondor_00085.jpg,maltese
komondor_00086.jpg,komondor
komondor_00087.jpg,komondor
komondor_00088.jpg,maltese
komondor_00089.jpg,maltese
komondor_00090.jpg,maltese
komondor_00091.jpg,cairn_terrier
komondor_00092.jpg,miniature_poodle
komondor_00093.jpg,maltese
komondor_00094.jpg,komondor
komondor_00095.jpg,samoyed
komondor_00096.jpg,komondor
komondor_00097.jpg,maltese
komondor_00098.jpg,pug
komondor_00099.jpg,papillon
komondor_00100.jpg,cairn_terrier
kuvasz_00113.jpg,maltese
kuvasz_00114.jpg,japanese_spaniel
kuvasz_00115.jpg,maltese
kuvasz_00116.jpg,maltese
kuvasz_00117.jpg,maltese
kuvasz_00118.jpg,samoyed
kuvasz_00119.jpg,maltese
kuvasz_00120.jpg,maltese
kuvasz_00121.jpg,maltese
kuvasz_00122.jpg,maltese
kuvasz_00123.jpg,maltese
kuvasz_00124.jpg,maltese
kuvasz_00125.jpg,maltese
kuvasz_00126.jpg,tibetan_terrier
kuvasz_00127.jpg,maltese
kuvasz_00128.jpg,maltese
kuvasz_00129.jpg,maltese
kuvasz_00130.jpg,maltese
kuvasz_00131.jpg,maltese
kuvasz_00132.jpg,maltese
labradoodle_00000.jpg,silky_terrier
labrador_00156.jpg,rottweiler
labrador_00157.jpg,pembroke
labrador_00158.jpg,affenpinscher
labrador_00159.jpg,rottweiler
labrador_00160.jpg,maltese
labrador_00161.jpg,maltese
labrador_00162.jpg,border_collie
labrador_00163.jpg,irish_terrier
labrador_00164.jpg,flatcoated_retriever
labrador_00165.jpg,scottish_deerhound
labrador_00166.jpg,mexicanhairless
labrador_00167.jpg,shihtzu
labrador_00168.jpg,irish_spaniel
labrador_00169.jpg,gordon_setter
labrador_00170.jpg,shihtzu
labrador_00171.jpg,blenheim_spaniel
labrador_00172.jpg,border_collie
labrador_00173.jpg,rottweiler
labrador_00174.jpg,pomeranian
labrador_00175.jpg,border_collie
labrador_00176.jpg,maltese
labrador_00177.jpg,maltese
labrador_00178.jpg,flatcoated_retriever
labrador_00179.jpg,pug
labrador_00180.jpg,affenpinscher
labrador_00181.jpg,miniature_pinscher
labrador_00182.jpg,keeshond
labrador_00183.jpg,maltese
lakeland_terrier_00149.jpg,dandie_terrier
lakeland_terrier_00150.jpg,dhole
lakeland_terrier_00151.jpg,golden_retriever
lakeland_terrier_00152.jpg,chow
lakeland_terrier_00153.jpg,pomeranian
lakeland_terrier_00154.jpg,airedale
lakeland_terrier_00155.jpg,maltese
lakeland_terrier_00156.jpg,newfoundland
lakeland_terrier_00157.jpg,schipperke
lakeland_terrier_00158.jpg,maltese
lakeland_terrier_00159.jpg,pembroke
lakeland_terrier_00160.jpg,chow
lakeland_terrier_00161.jpg,pomeranian
lakeland_terrier_00162.jpg,miniature_pinscher
lakeland_terrier_00163.jpg,chow
lakeland_terrier_00164.jpg,maltese
lakeland_terrier_00165.jpg,cairn_terrier
lakeland_terrier_00166.jpg,irish_spaniel
lakeland_terrier_00167.jpg,maltese
lakeland_terrier_00168.jpg,maltese
lakeland_terrier_00169.jpg,chow
lakeland_terrier_00170.jpg,chow
lakeland_terrier_00171.jpg,maltese
lakeland_terrier_00172.jpg,miniature_pinscher
lakeland_terrier_00173.jpg,wheaten_terrier
lakeland_terrier_00174.jpg,husky
lakeland_terrier_00175.jpg,dhole
lapphund_finnish_00000.jpg,miniature_pinscher
leonberg_00096.jpg,newfoundland
leonberg_00097.jpg,pembroke
leonberg_00098.jpg,airedale
leonberg_00099.jpg,airedale
leonberg_00100.jpg,rottweiler
leonberg_00101.jpg,australian_terrier
leonberg_00102.jpg,airedale
leonberg_00103.jpg,chow
leonberg_00104.jpg,silky_terrier
leonberg_00105.jpg,airedale
leonberg_00106.jpg,australian_terrier
leonberg_00107.jpg,entlebucher
leonberg_00108.jpg,australian_terrier
leonberg_00109.jpg,airedale
leonberg_00110.jpg,airedale
leonberg_00111.jpg,silky_terrier
leonberg_00112.jpg,miniature_pinscher
lhasa_00141.jpg,japanese_spaniel
lhasa_00142.jpg,maltese
lhasa_00143.jpg,australian_terrier
lhasa_00144.jpg,maltese
lhasa_00145.jpg,maltese
lhasa_00146.jpg,golden_retriever
lhasa_00147.jpg,gordon_setter
lhasa_00148.jpg,maltese
lhasa_00149.jpg,norwich_terrier
lhasa_00150.jpg,chow
lhasa_00151.jpg,maltese
lhasa_00152.jpg,maltese
lhasa_00153.jpg,australian_terrier
lhasa_00154.jpg,husky
lhasa_00155.jpg,maltese
lhasa_00156.jpg,maltese
lhasa_00157.jpg,pomeranian
lhasa_00158.jpg,maltese
lhasa_00159.jpg,chow
lhasa_00160.jpg,pug
lhasa_00161.jpg,chow
lhasa_00162.jpg,scottish_deerhound
lhasa_00163.jpg,maltese
lhasa_00164.jpg,australian_terrier
lhasa_00165.jpg,chow
malamute_00115.jpg,papillon
malamute_00116.jpg,border_collie
malamute_00117.jpg,maltese
malamute_00118.jpg,beagle
malamute_00119.jpg,australian_terrier
malamute_00120.jpg,papillon
malamute_00121.jpg,boston_bulldog
malamute_00122.jpg,keeshond
malamute_00123.jpg,schipperke
malamute_00124.jpg,husky
malamute_00125.jpg,pug
malamute_00126.jpg,japanese_spaniel
malamute_00127.jpg,maltese
malamute_00128.jpg,scottish_deerhound
malamute_00129.jpg,bernese_mountain
malamute_00130.jpg,husky
malamute_00131.jpg,pomeranian
malamute_00132.jpg,border_collie
malamute_00133.jpg,japanese_spaniel
malamute_00134.jpg,maltese
malamute_00135.jpg,pomeranian
malinois_00115.jpg,australian_terrier
malinois_00116.jpg,rottweiler
malinois_00117.jpg,schipperke
malinois_00118.jpg,airedale
malinois_00119.jpg,airedale
malinois_00120.jpg,golden_retriever
malinois_00121.jpg,blood_hound
malinois_00122.jpg,airedale
malinois_00123.jpg,miniature_pinscher
malinois_00124.jpg,airedale
malinois_00125.jpg,newfoundland
malinois_00126.jpg,australian_terrier
malinois_00127.jpg,blood_hound
malinois_00128.jpg,miniature_pinscher
malinois_00129.jpg,golden_retriever
malinois_00130.jpg,australian_terrier
malinois_00131.jpg,irish_spaniel
malinois_00132.jpg,airedale
malinois_00133.jpg,airedale
malinois_00134.jpg,airedale
malinois_00135.jpg,newfoundland
maltese_00191.jpg,maltese
maltese_00192.jpg,papillon
maltese_00193.jpg,maltese
maltese_00194.jpg,maltese
maltese_00195.jpg,maltese
maltese_00196.jpg,flatcoated_retriever
maltese_00197.jpg,maltese
maltese_00198.jpg,maltese
maltese_00199.jpg,samoyed
maltese_00200.jpg,maltese
maltese_00201.jpg,samoyed
maltese_00202.jpg,maltese
maltese_00203.jpg,maltese
maltese_00204.jpg,maltese
maltese_00205.jpg,maltese
maltese_00206.jpg,maltese
maltese_00207.jpg,maltese
maltese_00208.jpg,maltese
maltese_00209.jpg,maltese
maltese_00210.jpg,pomeranian
maltese_00211.jpg,maltese
maltese_00212.jpg,chow
maltese_00213.jpg,maltese
maltese_00214.jpg,samoyed
maltese_00215.jpg,maltese
maltese_00216.jpg,maltese
maltese_00217.jpg,maltese
maltese_00218.jpg,maltese
maltese_00219.jpg,japanese_spaniel
maltese_00220.jpg,blenheim_spaniel
maltese_00221.jpg,maltese
maltese_00222.jpg,maltese
maltese_00223.jpg,scottish_deerhound
maltese_00224.jpg,maltese
medium_poodle_00000.jpg,australian_terrier
mexicanhairless_00122.jpg,entlebucher
mexicanhairless_00123.jpg,flatcoated_retriever
mexicanhairless_00124.jpg,bernese_mountain
mexicanhairless_00125.jpg,flatcoated_retriever
mexicanhairless_00126.jpg,schipperke
mexicanhairless_00127.jpg,flatcoated_retriever
mexicanhairless_00128.jpg,scottish_deerhound
mexicanhairless_00129.jpg,blood_hound
mexicanhairless_00130.jpg,pug
mexicanhairless_00131.jpg,airedale
mexicanhairless_00132.jpg,flatcoated_retriever
mexicanhairless_00133.jpg,australian_terrier
mexicanhairless_00134.jpg,newfoundland
mexicanhairless_00135.jpg,bernese_mountain
mexicanhairless_00136.jpg,flatcoated_retriever
mexicanhairless_00137.jpg,pug
mexicanhairless_00138.jpg,maltese
mexicanhairless_00139.jpg,newfoundland
mexicanhairless_00140.jpg,entlebucher
mexicanhairless_00141.jpg,kelpie
mexicanhairless_00142.jpg,flatcoated_retriever
mexicanhairless_00143.jpg,airedale
miniature_pinscher_00141.jpg,rottweiler
miniature_pinscher_00142.jpg,miniature_pinscher
miniature_pinscher_00143.jpg,rottweiler
miniature_pinscher_00144.jpg,boston_bulldog
miniature_pinscher_00145.jpg,entlebucher
miniature_pinscher_00146.jpg,rottweiler
miniature_pinscher_00147.jpg,rottweiler
miniature_pinscher_00148.jpg,entlebucher
miniature_pinscher_00149.jpg,blood_hound
miniature_pinscher_00150.jpg,miniature_pinscher
miniature_pinscher_00151.jpg,rottweiler
miniature_pinscher_00152.jpg,schipperke
miniature_pinscher_00153.jpg,rottweiler
miniature_pinscher_00154.jpg,miniature_pinscher
miniature_pinscher_00155.jpg,rottweiler
miniature_pinscher_00156.jpg,rottweiler
miniature_pinscher_00157.jpg,entlebucher
miniature_pinscher_00158.jpg,entlebucher
miniature_pinscher_00159.jpg,entlebucher
miniature_pinscher_00160.jpg,rottweiler
miniature_pinscher_00161.jpg,rottweiler
miniature_pinscher_00162.jpg,rottweiler
miniature_pinscher_00163.jpg,gordon_setter
miniature_pinscher_00164.jpg,miniature_pinscher
miniature_pinscher_00165.jpg,blood_hound
miniature_pinscher_00166.jpg,entlebucher
miniature_poodle_00116.jpg,australian_terrier
miniature_poodle_00117.jpg,maltese
miniature_poodle_00118.jpg,maltese
miniature_poodle_00119.jpg,scottish_deerhound
miniature_poodle_00120.jpg,tibetan_terrier
miniature_poodle_00121.jpg,maltese
miniature_poodle_00122.jpg,japanese_spaniel
miniature_poodle_00123.jpg,scottish_deerhound
miniature_poodle_00124.jpg,maltese
miniature_poodle_00125.jpg,maltese
miniature_poodle_00126.jpg,maltese
miniature_poodle_00127.jpg,japanese_spaniel
miniature_poodle_00128.jpg,maltese
miniature_poodle_00129.jpg,affenpinscher
miniature_poodle_00130.jpg,rottweiler
miniature_poodle_00131.jpg,australian_terrier
miniature_poodle_00132.jpg,chow
miniature_poodle_00133.jpg,komondor
miniature_poodle_00134.jpg,newfoundland
miniature_poodle_00135.jpg,komondor
miniature_poodle_00136.jpg,scottish_deerhound
mix_00124.jpg,entlebucher
mix_00125.jpg,border_collie
mix_00126.jpg,papillon
mix_00127.jpg,golden_retriever
mix_00128.jpg,rottweiler
mix_00129.jpg,bernese_mountain
mix_00130.jpg,bernese_mountain
mix_00131.jpg,beagle
mix_00132.jpg,rottweiler
mix_00133.jpg,husky
mix_00134.jpg,bernese_mountain
mix_00135.jpg,rottweiler
mix_00136.jpg,boston_bulldog
mix_00137.jpg,entlebucher
mix_00138.jpg,samoyed
mix_00139.jpg,maltese
mix_00140.jpg,maltese
mix_00141.jpg,entlebucher
mix_00142.jpg,border_collie
mix_00143.jpg,schipperke
mix_00144.jpg,miniature_pinscher
mix_00145.jpg,tibetan_terrier
newfoundland_00130.jpg,airedale
newfoundland_00131.jpg,affenpinscher
newfoundland_00132.jpg,affenpinscher
newfoundland_00133.jpg,bouvier
newfoundland_00134.jpg,scottish_deerhound
newfoundland_00135.jpg,affenpinscher
newfoundland_00136.jpg,chow
newfoundland_00137.jpg,border_collie
newfoundland_00138.jpg,affenpinscher
newfoundland_00139.jpg,flatcoated_retriever
newfoundland_00140.jpg,irish_spaniel
newfoundland_00141.jpg,affenpinscher
newfoundland_00142.jpg,affenpinscher
newfoundland_00143.jpg,pug
newfoundland_00144.jpg,gordon_setter
newfoundland_00145.jpg,flatcoated_retriever
newfoundland_00146.jpg,pug
newfoundland_00147.jpg,gordon_setter
newfoundland_00148.jpg,affenpinscher
newfoundland_00149.jpg,newfoundland
newfoundland_00150.jpg,papillon
newfoundland_00151.jpg,affenpinscher
newfoundland_00152.jpg,newfoundland
newfoundland_00153.jpg,affenpinscher
norfolk_terrier_00120.jpg,basenji
norfolk_terrier_00121.jpg,australian_terrier
norfolk_terrier_00122.jpg,norwich_terrier
norfolk_terrier_00123.jpg,silky_terrier
norfolk_terrier_00124.jpg,pembroke
norfolk_terrier_00125.jpg,chow
norfolk_terrier_00126.jpg,australian_terrier
norfolk_terrier_00127.jpg,wheaten_terrier
norfolk_terrier_00128.jpg,pomeranian
norfolk_terrier_00129.jpg,airedale
norfolk_terrier_00130.jpg,australian_terrier
norfolk_terrier_00131.jpg,australian_terrier
norfolk_terrier_00132.jpg,australian_terrier
norfolk_terrier_00133.jpg,norwich_terrier
norfolk_terrier_00134.jpg,australian_terrier
norfolk_terrier_00135.jpg,australian_terrier
norfolk_terrier_00136.jpg,golden_retriever
norfolk_terrier_00137.jpg,maltese
norfolk_terrier_00138.jpg,airedale
norfolk_terrier_00139.jpg,maltese
norfolk_terrier_00140.jpg,australian_terrier
norfolk_terrier_00141.jpg,australian_terrier
norwegian_buhund_00000.jpg,maltese
norwegian_elkhound_00148.jpg,japanese_spaniel
norwegian_elkhound_00149.jpg,lakeland_terrier
norwegian_elkhound_00150.jpg,keeshond
norwegian_elkhound_00151.jpg,lhasa
norwegian_elkhound_00152.jpg,shihtzu
norwegian_elkhound_00153.jpg,maltese
norwegian_elkhound_00154.jpg,papillon
norwegian_elkhound_00155.jpg,cairn_terrier
norwegian_elkhound_00156.jpg,blenheim_spaniel
norwegian_elkhound_00157.jpg,schipperke
norwegian_elkhound_00158.jpg,newfoundland
norwegian_elkhound_00159.jpg,pug
norwegian_elkhound_00160.jpg,maltese
norwegian_elkhound_00161.jpg,boston_bulldog
norwegian_elkhound_00162.jpg,papillon
norwegian_elkhound_00163.jpg,rottweiler
norwegian_elkhound_00164.jpg,maltese
norwegian_elkhound_00165.jpg,maltese
norwegian_elkhound_00166.jpg,maltese
norwegian_elkhound_00167.jpg,husky
norwegian_elkhound_00168.jpg,schipperke
norwegian_elkhound_00169.jpg,irish_spaniel
norwegian_elkhound_00170.jpg,newfoundland
norwegian_elkhound_00171.jpg,maltese
norwegian_elkhound_00172.jpg,scottish_deerhound
norwegian_elkhound_00173.jpg,maltese
norwegian_elkhound_00174.jpg,pug
norwich_terrier_00127.jpg,australian_terrier
norwich_terrier_00128.jpg,maltese
norwich_terrier_00129.jpg,australian_terrier
norwich_terrier_00130.jpg,australian_terrier
norwich_terrier_00131.jpg,pomeranian
norwich_terrier_00132.jpg,pomeranian
norwich_terrier_00133.jpg,chow
norwich_terrier_00134.jpg,golden_retriever
norwich_terrier_00135.jpg,australian_terrier
norwich_terrier_00136.jpg,australian_terrier
norwich_terrier_00137.jpg,australian_terrier
norwich_terrier_00138.jpg,irish_terrier
norwich_terrier_00139.jpg,chow
norwich_terrier_00140.jpg,norwich_terrier
norwich_terrier_00141.jpg,australian_terrier
norwich_terrier_00142.jpg,golden_retriever
norwich_terrier_00143.jpg,australian_terrier
norwich_terrier_00144.jpg,maltese
norwich_terrier_00145.jpg,chow
norwich_terrier_00146.jpg,airedale
norwich_terrier_00147.jpg,golden_retriever
norwich_terrier_00148.jpg,australian_terrier
norwich_terrier_00149.jpg,rottweiler
otterhound_00093.jpg,norfolk_terrier
otterhound_00094.jpg,stbernard
otterhound_00095.jpg,maltese
otterhound_00096.jpg,golden_retriever
otterhound_00097.jpg,norwich_terrier
otterhound_00098.jpg,australian_terrier
otterhound_00099.jpg,australian_terrier
otterhound_00100.jpg,gordon_setter
otterhound_00101.jpg,australian_terrier
otterhound_00102.jpg,bouvier
otterhound_00103.jpg,maltese
otterhound_00104.jpg,chow
otterhound_00105.jpg,australian_terrier
otterhound_00106.jpg,pomeranian
otterhound_00107.jpg,australian_terrier
otterhound_00108.jpg,australian_terrier
otterhound_00109.jpg,airedale
papillon_00156.jpg,husky
papillon_00157.jpg,blenheim_spaniel
papillon_00158.jpg,border_collie
papillon_00159.jpg,border_collie
papillon_00160.jpg,samoyed
papillon_00161.jpg,japanese_spaniel
papillon_00162.jpg,blenheim_spaniel
papillon_00163.jpg,stbernard
papillon_00164.jpg,samoyed
papillon_00165.jpg,blenheim_spaniel
papillon_00166.jpg,border_collie
papillon_00167.jpg,newfoundland
papillon_00168.jpg,border_collie
papillon_00169.jpg,husky
papillon_00170.jpg,boston_bulldog
papillon_00171.jpg,basset_hound
papillon_00172.jpg,japanese_spaniel
papillon_00173.jpg,papillon
papillon_00174.jpg,blenheim_spaniel
papillon_00175.jpg,samoyed
papillon_00176.jpg,papillon
papillon_00177.jpg,keeshond
papillon_00178.jpg,beagle
papillon_00179.jpg,border_collie
papillon_00180.jpg,samoyed
papillon_00181.jpg,maltese
papillon_00182.jpg,pug
papillon_00183.jpg,samoyed
patterdale_terrier_00004.jpg,rottweiler
pekinese_00105.jpg,tibetan_terrier
pekinese_00106.jpg,australian_terrier
pekinese_00107.jpg,blenheim_spaniel
pekinese_00108.jpg,pomeranian
pekinese_00109.jpg,australian_terrier
pekinese_00110.jpg,irish_terrier
pekinese_00111.jpg,golden_retriever
pekinese_00112.jpg,brittany_spaniel
pekinese_00113.jpg,australian_terrier
pekinese_00114.jpg,newfoundland
pekinese_00115.jpg,pembroke
pekinese_00116.jpg,pomeranian
pekinese_00117.jpg,lhasa
pekinese_00118.jpg,norwich_terrier
pekinese_00119.jpg,cairn_terrier
pekinese_00120.jpg,irish_spaniel
pekinese_00121.jpg,pomeranian
pekinese_00122.jpg,bernese_mountain
pekinese_00123.jpg,irish_terrier
pembroke_00134.jpg,papillon
pembroke_00135.jpg,pomeranian
pembroke_00136.jpg,maltese
pembroke_00137.jpg,miniature_pinscher
pembroke_00138.jpg,golden_retriever
pembroke_00139.jpg,pembroke
pembroke_00140.jpg,border_collie
pembroke_00141.jpg,miniature_pinscher
pembroke_00142.jpg,pembroke
pembroke_00143.jpg,stbernard
pembroke_00144.jpg,blenheim_spaniel
pembroke_00145.jpg,blenheim_spaniel
pembroke_00146.jpg,australian_terrier
pembroke_00147.jpg,pomeranian
pembroke_00148.jpg,pembroke
pembroke_00149.jpg,maltese
pembroke_00150.jpg,blenheim_spaniel
pembroke_00151.jpg,golden_retriever
pembroke_00152.jpg,blenheim_spaniel
pembroke_00153.jpg,pembroke
pembroke_00154.jpg,maltese
pembroke_00155.jpg,miniature_pinscher
pembroke_00156.jpg,blenheim_spaniel
pembroke_00157.jpg,bernese_mountain
pitbull_00005.jpg,bernese_mountain
pitbull_00006.jpg,basenji
plott_hound_00000.jpg,entlebucher
pomeranian_00164.jpg,chow
pomeranian_00165.jpg,chow
pomeranian_00166.jpg,australian_terrier
pomeranian_00167.jpg,pomeranian
pomeranian_00168.jpg,maltese
pomeranian_00169.jpg,pug
pomeranian_00170.jpg,golden_retriever
pomeranian_00171.jpg,australian_terrier
pomeranian_00172.jpg,golden_retriever
pomeranian_00173.jpg,golden_retriever
pomeranian_00174.jpg,pomeranian
pomeranian_00175.jpg,japanese_spaniel
pomeranian_00176.jpg,maltese
pomeranian_00177.jpg,pomeranian
pomeranian_00178.jpg,maltese
pomeranian_00179.jpg,maltese
pomeranian_00180.jpg,golden_retriever
pomeranian_00181.jpg,chow
pomeranian_00182.jpg,pomeranian
pomeranian_00183.jpg,maltese
pomeranian_00184.jpg,blenheim_spaniel
pomeranian_00185.jpg,newfoundland
pomeranian_00186.jpg,pomeranian
pomeranian_00187.jpg,golden_retriever
pomeranian_00188.jpg,pembroke
pomeranian_00189.jpg,chow
pomeranian_00190.jpg,maltese
pomeranian_00191.jpg,pomeranian
pomeranian_00192.jpg,chow
pomeranian_00193.jpg,maltese
pug_00195.jpg,maltese
pug_00196.jpg,husky
pug_00197.jpg,maltese
pug_00198.jpg,gordon_setter
pug_00199.jpg,maltese
pug_00200.jpg,tibetan_terrier
pug_00201.jpg,border_collie
pug_00202.jpg,newfoundland
pug_00203.jpg,basenji
pug_00204.jpg,blood_hound
pug_00205.jpg,husky
pug_00206.jpg,beagle
pug_00207.jpg,beagle
pug_00208.jpg,newfoundland
pug_00209.jpg,husky
pug_00210.jpg,bouvier
pug_00211.jpg,australian_terrier
pug_00212.jpg,blood_hound
pug_00213.jpg,maltese
pug_00214.jpg,keeshond
pug_00215.jpg,airedale
pug_00216.jpg,samoyed
pug_00217.jpg,pug
pug_00218.jpg,flatcoated_retriever
pug_00219.jpg,basset_hound
pug_00220.jpg,blenheim_spaniel
pug_00221.jpg,airedale
pug_00222.jpg,papillon
pug_00223.jpg,blenheim_spaniel
pug_00224.jpg,irish_spaniel
pug_00225.jpg,cairn_terrier
pug_00226.jpg,australian_terrier
pug_00227.jpg,maltese
pug_00228.jpg,maltese
pug_00229.jpg,affenpinscher
puggle_00023.jpg,australian_terrier
puggle_00024.jpg,basenji
puggle_00025.jpg,australian_terrier
puggle_00026.jpg,golden_retriever
puggle_00027.jpg,australian_terrier
pyrenees_00135.jpg,maltese
pyrenees_00136.jpg,maltese
pyrenees_00137.jpg,husky
pyrenees_00138.jpg,maltese
pyrenees_00139.jpg,maltese
pyrenees_00140.jpg,maltese
pyrenees_00141.jpg,maltese
pyrenees_00142.jpg,maltese
pyrenees_00143.jpg,maltese
pyrenees_00144.jpg,maltese
pyrenees_00145.jpg,maltese
pyrenees_00146.jpg,husky
pyrenees_00147.jpg,maltese
pyrenees_00148.jpg,samoyed
pyrenees_00149.jpg,maltese
pyrenees_00150.jpg,maltese
pyrenees_00151.jpg,maltese
pyrenees_00152.jpg,papillon
pyrenees_00153.jpg,samoyed
pyrenees_00154.jpg,maltese
pyrenees_00155.jpg,maltese
pyrenees_00156.jpg,maltese
pyrenees_00157.jpg,maltese
pyrenees_00158.jpg,bedlington_terrier
redbone_00111.jpg,blood_hound
redbone_00112.jpg,airedale
redbone_00113.jpg,australian_terrier
redbone_00114.jpg,irish_terrier
redbone_00115.jpg,blood_hound
redbone_00116.jpg,australian_terrier
redbone_00117.jpg,blood_hound
redbone_00118.jpg,australian_terrier
redbone_00119.jpg,airedale
redbone_00120.jpg,australian_terrier
redbone_00121.jpg,chow
redbone_00122.jpg,golden_retriever
redbone_00123.jpg,australian_terrier
redbone_00124.jpg,airedale
redbone_00125.jpg,australian_terrier
redbone_00126.jpg,golden_retriever
redbone_00127.jpg,australian_terrier
redbone_00128.jpg,rottweiler
redbone_00129.jpg,blood_hound
redbone_00130.jpg,cairn_terrier
rottweiler_00118.jpg,entlebucher
rottweiler_00119.jpg,rottweiler
rottweiler_00120.jpg,rottweiler
rottweiler_00121.jpg,gordon_setter
rottweiler_00122.jpg,flatcoated_retriever
rottweiler_00123.jpg,gordon_setter
rottweiler_00124.jpg,gordon_setter
rottweiler_00125.jpg,rottweiler
rottweiler_00126.jpg,rottweiler
rottweiler_00127.jpg,miniature_pinscher
rottweiler_00128.jpg,rottweiler
rottweiler_00129.jpg,rottweiler
rottweiler_00130.jpg,rottweiler
rottweiler_00131.jpg,miniature_pinscher
rottweiler_00132.jpg,rottweiler
rottweiler_00133.jpg,miniature_pinscher
rottweiler_00134.jpg,gordon_setter
rottweiler_00135.jpg,rottweiler
rottweiler_00136.jpg,rottweiler
rottweiler_00137.jpg,rottweiler
rottweiler_00138.jpg,rottweiler
russell_terrier_00013.jpg,stbernard
russell_terrier_00014.jpg,airedale
russell_terrier_00015.jpg,basenji
saluki_00125.jpg,samoyed
saluki_00126.jpg,pomeranian
saluki_00127.jpg,norwich_terrier
saluki_00128.jpg,flatcoated_retriever
saluki_00129.jpg,maltese
saluki_00130.jpg,dhole
saluki_00131.jpg,maltese
saluki_00132.jpg,entlebucher
saluki_00133.jpg,blenheim_spaniel
saluki_00134.jpg,airedale
saluki_00135.jpg,maltese
saluki_00136.jpg,maltese
saluki_00137.jpg,cairn_terrier
saluki_00138.jpg,gordon_setter
saluki_00139.jpg,maltese
saluki_00140.jpg,basenji
saluki_00141.jpg,maltese
saluki_00142.jpg,african
saluki_00143.jpg,golden_retriever
saluki_00144.jpg,maltese
saluki_00145.jpg,papillon
saluki_00146.jpg,golden_retriever
saluki_00147.jpg,bernese_mountain
samoyed_00142.jpg,maltese
samoyed_00143.jpg,maltese
samoyed_00144.jpg,maltese
samoyed_00145.jpg,maltese
samoyed_00146.jpg,husky
samoyed_00147.jpg,maltese
samoyed_00148.jpg,maltese
samoyed_00149.jpg,husky
samoyed_00150.jpg,maltese
samoyed_00151.jpg,maltese
samoyed_00152.jpg,maltese
samoyed_00153.jpg,maltese
samoyed_00154.jpg,entlebucher
samoyed_00155.jpg,maltese
samoyed_00156.jpg,maltese
samoyed_00157.jpg,maltese
samoyed_00158.jpg,maltese
samoyed_00159.jpg,maltese
samoyed_00160.jpg,samoyed
samoyed_00161.jpg,maltese
samoyed_00162.jpg,komondor
samoyed_00163.jpg,maltese
samoyed_00164.jpg,maltese
samoyed_00165.jpg,maltese
samoyed_00166.jpg,maltese
samoyed_00167.jpg,maltese
schipperke_00109.jpg,affenpinscher
schipperke_00110.jpg,flatcoated_retriever
schipperke_00111.jpg,affenpinscher
schipperke_00112.jpg,border_collie
schipperke_00113.jpg,flatcoated_retriever
schipperke_00114.jpg,rottweiler
schipperke_00115.jpg,rottweiler
schipperke_00116.jpg,flatcoated_retriever
schipperke_00117.jpg,flatcoated_retriever
schipperke_00118.jpg,airedale
schipperke_00119.jpg,flatcoated_retriever
schipperke_00120.jpg,gordon_setter
schipperke_00121.jpg,newfoundland
schipperke_00122.jpg,flatcoated_retriever
schipperke_00123.jpg,newfoundland
schipperke_00124.jpg,affenpinscher
schipperke_00125.jpg,pug
schipperke_00126.jpg,newfoundland
schipperke_00127.jpg,flatcoated_retriever
schipperke_00128.jpg,rottweiler
scottish_deerhound_00119.jpg,bouvier
scottish_deerhound_00120.jpg,irish_spaniel
scottish_deerhound_00121.jpg,scottish_deerhound
scottish_deerhound_00122.jpg,scottish_deerhound
scottish_deerhound_00123.jpg,scottish_terrier
scottish_deerhound_00124.jpg,shihtzu
scottish_deerhound_00125.jpg,cairn_terrier
scottish_deerhound_00126.jpg,maltese
scottish_deerhound_00127.jpg,scottish_deerhound
scottish_deerhound_00128.jpg,bouvier
scottish_deerhound_00129.jpg,scottish_terrier
scottish_deerhound_00130.jpg,bouvier
scottish_deerhound_00131.jpg,komondor
scottish_deerhound_00132.jpg,scottish_deerhound
scottish_deerhound_00133.jpg,cairn_terrier
scottish_deerhound_00134.jpg,cairn_terrier
scottish_deerhound_00135.jpg,husky
scottish_deerhound_00136.jpg,scottish_deerhound
scottish_deerhound_00137.jpg,komondor
scottish_deerhound_00138.jpg,miniature_pinscher
scottish_deerhound_00139.jpg,irish_spaniel
scottish_terrier_00113.jpg,affenpinscher
scottish_terrier_00114.jpg,flatcoated_retriever
scottish_terrier_00115.jpg,newfoundland
scottish_terrier_00116.jpg,gordon_setter
scottish_terrier_00117.jpg,affenpinscher
scottish_terrier_00118.jpg,flatcoated_retriever
scottish_terrier_00119.jpg,flatcoated_retriever
scottish_terrier_00120.jpg,maltese
scottish_terrier_00121.jpg,newfoundland
scottish_terrier_00122.jpg,affenpinscher
scottish_terrier_00123.jpg,gordon_setter
scottish_terrier_00124.jpg,affenpinscher
scottish_terrier_00125.jpg,flatcoated_retriever
scottish_terrier_00126.jpg,affenpinscher
scottish_terrier_00127.jpg,flatcoated_retriever
scottish_terrier_00128.jpg,gordon_setter
scottish_terrier_00129.jpg,newfoundland
scottish_terrier_00130.jpg,affenpinscher
scottish_terrier_00131.jpg,pug
scottish_terrier_00132.jpg,affenpinscher
sealyham_terrier_00112.jpg,maltese
sealyham_terrier_00113.jpg,maltese
sealyham_terrier_00114.jpg,maltese
sealyham_terrier_00115.jpg,japanese_spaniel
sealyham_terrier_00116.jpg,maltese
sealyham_terrier_00117.jpg,maltese
sealyham_terrier_00118.jpg,maltese
sealyham_terrier_00119.jpg,maltese
sealyham_terrier_00120.jpg,maltese
sealyham_terrier_00121.jpg,maltese
sealyham_terrier_00122.jpg,maltese
sealyham_terrier_00123.jpg,samoyed
sealyham_terrier_00124.jpg,maltese
sealyham_terrier_00125.jpg,maltese
sealyham_terrier_00126.jpg,maltese
sealyham_terrier_00127.jpg,maltese
sealyham_terrier_00128.jpg,maltese
sealyham_terrier_00129.jpg,maltese
sealyham_terrier_00130.jpg,maltese
sealyham_terrier_00131.jpg,maltese
shepherd_australian_00004.jpg,stbernard
shetland_sheepdog_00117.jpg,stbernard
shetland_sheepdog_00118.jpg,chow
shetland_sheepdog_00119.jpg,papillon
shetland_sheepdog_00120.jpg,maltese
shetland_sheepdog_00121.jpg,boston_bulldog
shetland_sheepdog_00122.jpg,blenheim_spaniel
shetland_sheepdog_00123.jpg,airedale
shetland_sheepdog_00124.jpg,gordon_setter
shetland_sheepdog_00125.jpg,papillon
shetland_sheepdog_00126.jpg,blenheim_spaniel
shetland_sheepdog_00127.jpg,schipperke
shetland_sheepdog_00128.jpg,stbernard
shetland_sheepdog_00129.jpg,golden_retriever
shetland_sheepdog_00130.jpg,blenheim_spaniel
shetland_sheepdog_00131.jpg,blenheim_spaniel
shetland_sheepdog_00132.jpg,husky
shetland_sheepdog_00133.jpg,pomeranian
shetland_sheepdog_00134.jpg,basenji
shetland_sheepdog_00135.jpg,airedale
shetland_sheepdog_00136.jpg,blenheim_spaniel
shetland_sheepdog_00137.jpg,japanese_spaniel
shiba_00019.jpg,basenji
shiba_00020.jpg,pomeranian
shiba_00021.jpg,maltese
shiba_00022.jpg,border_collie
shihtzu_00168.jpg,papillon
shihtzu_00169.jpg,maltese
shihtzu_00170.jpg,keeshond
shihtzu_00171.jpg,papillon
shihtzu_00172.jpg,pomeranian
shihtzu_00173.jpg,maltese
shihtzu_00174.jpg,maltese
shihtzu_00175.jpg,pug
shihtzu_00176.jpg,komondor
shihtzu_00177.jpg,entlebucher
shihtzu_00178.jpg,pomeranian
shihtzu_00179.jpg,husky
shihtzu_00180.jpg,maltese
shihtzu_00181.jpg,maltese
shihtzu_00182.jpg,maltese
shihtzu_00183.jpg,maltese
shihtzu_00184.jpg,cairn_terrier
shihtzu_00185.jpg,border_collie
shihtzu_00186.jpg,border_collie
shihtzu_00187.jpg,bouvier
shihtzu_00188.jpg,border_collie
shihtzu_00189.jpg,border_collie
shihtzu_00190.jpg,cairn_terrier
shihtzu_00191.jpg,maltese
shihtzu_00192.jpg,maltese
shihtzu_00193.jpg,maltese
shihtzu_00194.jpg,maltese
shihtzu_00195.jpg,boston_bulldog
shihtzu_00196.jpg,japanese_spaniel
shihtzu_00197.jpg,cairn_terrier
silky_terrier_00147.jpg,irish_spaniel
silky_terrier_00148.jpg,silky_terrier
silky_terrier_00149.jpg,pug
silky_terrier_00150.jpg,australian_terrier
silky_terrier_00151.jpg,australian_terrier
silky_terrier_00152.jpg,airedale
silky_terrier_00153.jpg,golden_retriever
silky_terrier_00154.jpg,miniature_pinscher
silky_terrier_00155.jpg,dingo
silky_terrier_00156.jpg,airedale
silky_terrier_00157.jpg,irish_spaniel
silky_terrier_00158.jpg,cairn_terrier
silky_terrier_00159.jpg,silky_terrier
silky_terrier_00160.jpg,airedale
silky_terrier_00161.jpg,maltese
silky_terrier_00162.jpg,australian_terrier
silky_terrier_00163.jpg,airedale
silky_terrier_00164.jpg,silky_terrier
silky_terrier_00165.jpg,australian_terrier
silky_terrier_00166.jpg,airedale
silky_terrier_00167.jpg,australian_terrier
silky_terrier_00168.jpg,irish_terrier
silky_terrier_00169.jpg,irish_terrier
silky_terrier_00170.jpg,blood_hound
silky_terrier_00171.jpg,australian_terrier
silky_terrier_00172.jpg,australian_terrier
spanish_waterdog_00005.jpg,scottish_deerhound
staffordshire_bullterrier_00112.jpg,maltese
staffordshire_bullterrier_00113.jpg,airedale
staffordshire_bullterrier_00114.jpg,entlebucher
staffordshire_bullterrier_00115.jpg,rottweiler
staffordshire_bullterrier_00116.jpg,entlebucher
staffordshire_bullterrier_00117.jpg,border_collie
staffordshire_bullterrier_00118.jpg,staffordshire_bullterrier
staffordshire_bullterrier_00119.jpg,briard
staffordshire_bullterrier_00120.jpg,newfoundland
staffordshire_bullterrier_00121.jpg,rottweiler
staffordshire_bullterrier_00122.jpg,border_collie
staffordshire_bullterrier_00123.jpg,flatcoated_retriever
staffordshire_bullterrier_00124.jpg,flatcoated_retriever
staffordshire_bullterrier_00125.jpg,japanese_spaniel
staffordshire_bullterrier_00126.jpg,bernese_mountain
staffordshire_bullterrier_00127.jpg,affenpinscher
staffordshire_bullterrier_00128.jpg,schipperke
staffordshire_bullterrier_00129.jpg,irish_spaniel
staffordshire_bullterrier_00130.jpg,gordon_setter
staffordshire_bullterrier_00131.jpg,australian_terrier
standard_poodle_00119.jpg,irish_spaniel
standard_poodle_00120.jpg,australian_terrier
standard_poodle_00121.jpg,affenpinscher
standard_poodle_00122.jpg,stbernard
standard_poodle_00123.jpg,maltese
standard_poodle_00124.jpg,newfoundland
standard_poodle_00125.jpg,pomeranian
standard_poodle_00126.jpg,blood_hound
standard_poodle_00127.jpg,scottish_deerhound
standard_poodle_00128.jpg,affenpinscher
standard_poodle_00129.jpg,maltese
standard_poodle_00130.jpg,maltese
standard_poodle_00131.jpg,affenpinscher
standard_poodle_00132.jpg,maltese
standard_poodle_00133.jpg,australian_terrier
standard_poodle_00134.jpg,australian_terrier
standard_poodle_00135.jpg,silky_terrier
standard_poodle_00136.jpg,flatcoated_retriever
standard_poodle_00137.jpg,gordon_setter
standard_poodle_00138.jpg,flatcoated_retriever
standard_poodle_00139.jpg,affenpinscher
stbernard_00118.jpg,papillon
stbernard_00119.jpg,stbernard
stbernard_00120.jpg,border_collie
stbernard_00121.jpg,papillon
stbernard_00122.jpg,border_collie
stbernard_00123.jpg,bernese_mountain
stbernard_00124.jpg,blenheim_spaniel
stbernard_00125.jpg,papillon
stbernard_00126.jpg,papillon
stbernard_00127.jpg,stbernard
stbernard_00128.jpg,blenheim_spaniel
stbernard_00129.jpg,japanese_spaniel
stbernard_00130.jpg,stbernard
stbernard_00131.jpg,basenji
stbernard_00132.jpg,blenheim_spaniel
stbernard_00133.jpg,papillon
stbernard_00134.jpg,papillon
stbernard_00135.jpg,miniature_pinscher
stbernard_00136.jpg,stbernard
stbernard_00137.jpg,blenheim_spaniel
stbernard_00138.jpg,stbernard
sussex_spaniel_00084.jpg,australian_terrier
sussex_spaniel_00085.jpg,australian_terrier
sussex_spaniel_00086.jpg,airedale
sussex_spaniel_00087.jpg,chow
sussex_spaniel_00088.jpg,airedale
sussex_spaniel_00089.jpg,australian_terrier
sussex_spaniel_00090.jpg,silky_terrier
sussex_spaniel_00091.jpg,airedale
sussex_spaniel_00092.jpg,australian_terrier
sussex_spaniel_00093.jpg,australian_terrier
sussex_spaniel_00094.jpg,australian_terrier
sussex_spaniel_00095.jpg,australian_terrier
sussex_spaniel_00096.jpg,airedale
sussex_spaniel_00097.jpg,irish_spaniel
sussex_spaniel_00098.jpg,australian_terrier
swedish_danish_00003.jpg,papillon
swiss_mountain_00106.jpg,entlebucher
swiss_mountain_00107.jpg,bernese_mountain
swiss_mountain_00108.jpg,miniature_pinscher
swiss_mountain_00109.jpg,entlebucher
swiss_mountain_00110.jpg,entlebucher
swiss_mountain_00111.jpg,entlebucher
swiss_mountain_00112.jpg,entlebucher
swiss_mountain_00113.jpg,bernese_mountain
swiss_mountain_00114.jpg,entlebucher
swiss_mountain_00115.jpg,entlebucher
swiss_mountain_00116.jpg,entlebucher
swiss_mountain_00117.jpg,entlebucher
swiss_mountain_00118.jpg,shihtzu
swiss_mountain_00119.jpg,boston_bulldog
swiss_mountain_00120.jpg,bernese_mountain
swiss_mountain_00121.jpg,bernese_mountain
swiss_mountain_00122.jpg,bernese_mountain
swiss_mountain_00123.jpg,entlebucher
swiss_mountain_00124.jpg,bernese_mountain
tervuren_00005.jpg,groenendael
tervuren_00006.jpg,entlebucher
tibetan_mastiff_00107.jpg,blood_hound
tibetan_mastiff_00108.jpg,gordon_setter
tibetan_mastiff_00109.jpg,irish_spaniel
tibetan_mastiff_00110.jpg,newfoundland
tibetan_mastiff_00111.jpg,gordon_setter
tibetan_mastiff_00112.jpg,gordon_setter
tibetan_mastiff_00113.jpg,flatcoated_retriever
tibetan_mastiff_00114.jpg,gordon_setter
tibetan_mastiff_00115.jpg,gordon_setter
tibetan_mastiff_00116.jpg,miniature_pinscher
tibetan_mastiff_00117.jpg,irish_spaniel
tibetan_mastiff_00118.jpg,airedale
tibetan_mastiff_00119.jpg,affenpinscher
tibetan_mastiff_00120.jpg,affenpinscher
tibetan_mastiff_00121.jpg,husky
tibetan_mastiff_00122.jpg,miniature_pinscher
tibetan_mastiff_00123.jpg,bernese_mountain
tibetan_mastiff_00124.jpg,rottweiler
tibetan_mastiff_00125.jpg,flatcoated_retriever
tibetan_terrier_00167.jpg,newfoundland
tibetan_terrier_00168.jpg,maltese
tibetan_terrier_00169.jpg,norfolk_terrier
tibetan_terrier_00170.jpg,maltese
tibetan_terrier_00171.jpg,australian_terrier
tibetan_terrier_00172.jpg,maltese
tibetan_terrier_00173.jpg,schipperke
tibetan_terrier_00174.jpg,affenpinscher
tibetan_terrier_00175.jpg,border_collie
tibetan_terrier_00176.jpg,boston_bulldog
tibetan_terrier_00177.jpg,samoyed
tibetan_terrier_00178.jpg,pomeranian
tibetan_terrier_00179.jpg,african
tibetan_terrier_00180.jpg,bouvier
tibetan_terrier_00181.jpg,cairn_terrier
tibetan_terrier_00182.jpg,border_collie
tibetan_terrier_00183.jpg,australian_terrier
tibetan_terrier_00184.jpg,affenpinscher
tibetan_terrier_00185.jpg,komondor
tibetan_terrier_00186.jpg,border_collie
tibetan_terrier_00187.jpg,stbernard
tibetan_terrier_00188.jpg,australian_terrier
tibetan_terrier_00189.jpg,japanese_spaniel
tibetan_terrier_00190.jpg,newfoundland
tibetan_terrier_00191.jpg,entlebucher
tibetan_terrier_00192.jpg,maltese
tibetan_terrier_00193.jpg,samoyed
tibetan_terrier_00194.jpg,maltese
tibetan_terrier_00195.jpg,japanese_spaniel
tibetan_terrier_00196.jpg,maltese
toy_poodle_00120.jpg,maltese
toy_poodle_00121.jpg,maltese
toy_poodle_00122.jpg,maltese
toy_poodle_00123.jpg,affenpinscher
toy_poodle_00124.jpg,cairn_terrier
toy_poodle_00125.jpg,chow
toy_poodle_00126.jpg,cairn_terrier
toy_poodle_00127.jpg,newfoundland
toy_poodle_00128.jpg,maltese
toy_poodle_00129.jpg,maltese
toy_poodle_00130.jpg,maltese
toy_poodle_00131.jpg,affenpinscher
toy_poodle_00132.jpg,maltese
toy_poodle_00133.jpg,maltese
toy_poodle_00134.jpg,irish_terrier
toy_poodle_00135.jpg,australian_terrier
toy_poodle_00136.jpg,maltese
toy_poodle_00137.jpg,husky
toy_poodle_00138.jpg,tibetan_terrier
toy_poodle_00139.jpg,maltese
toy_poodle_00140.jpg,maltese
toy_poodle_00141.jpg,irish_terrier
toy_terrier_00149.jpg,beagle
toy_terrier_00150.jpg,border_collie
toy_terrier_00151.jpg,japanese_spaniel
toy_terrier_00152.jpg,rottweiler
toy_terrier_00153.jpg,toy_terrier
toy_terrier_00154.jpg,blenheim_spaniel
toy_terrier_00155.jpg,airedale
toy_terrier_00156.jpg,bernese_mountain
toy_terrier_00157.jpg,bernese_mountain
toy_terrier_00158.jpg,blenheim_spaniel
toy_terrier_00159.jpg,bernese_mountain
toy_terrier_00160.jpg,entlebucher
toy_terrier_00161.jpg,papillon
toy_terrier_00162.jpg,miniature_pinscher
toy_terrier_00163.jpg,irish_terrier
toy_terrier_00164.jpg,maltese
toy_terrier_00165.jpg,papillon
toy_terrier_00166.jpg,blenheim_spaniel
toy_terrier_00167.jpg,husky
toy_terrier_00168.jpg,toy_terrier
toy_terrier_00169.jpg,entlebucher
toy_terrier_00170.jpg,stbernard
toy_terrier_00171.jpg,stbernard
toy_terrier_00172.jpg,husky
toy_terrier_00173.jpg,papillon
toy_terrier_00174.jpg,maltese
toy_terrier_00175.jpg,stbernard
vizsla_00113.jpg,irish_terrier
vizsla_00114.jpg,miniature_pinscher
vizsla_00115.jpg,blood_hound
vizsla_00116.jpg,irish_terrier
vizsla_00117.jpg,golden_retriever
vizsla_00118.jpg,australian_terrier
vizsla_00119.jpg,irish_terrier
vizsla_00120.jpg,miniature_pinscher
vizsla_00121.jpg,australian_terrier
vizsla_00122.jpg,australian_terrier
vizsla_00123.jpg,pug
vizsla_00124.jpg,australian_terrier
vizsla_00125.jpg,australian_terrier
vizsla_00126.jpg,irish_terrier
vizsla_00127.jpg,airedale
vizsla_00128.jpg,blood_hound
vizsla_00129.jpg,australian_terrier
vizsla_00130.jpg,australian_terrier
vizsla_00131.jpg,australian_terrier
vizsla_00132.jpg,australian_terrier
vizsla_00133.jpg,irish_terrier
walker_hound_00109.jpg,basenji
walker_hound_00110.jpg,basset_hound
walker_hound_00111.jpg,border_collie
walker_hound_00112.jpg,boston_bulldog
walker_hound_00113.jpg,boston_bulldog
walker_hound_00114.jpg,beagle
walker_hound_00115.jpg,stbernard
walker_hound_00116.jpg,border_collie
walker_hound_00117.jpg,blenheim_spaniel
walker_hound_00118.jpg,stbernard
walker_hound_00119.jpg,samoyed
walker_hound_00120.jpg,border_collie
walker_hound_00121.jpg,blood_hound
walker_hound_00122.jpg,border_collie
walker_hound_00123.jpg,border_collie
walker_hound_00124.jpg,blenheim_spaniel
walker_hound_00125.jpg,miniature_pinscher
walker_hound_00126.jpg,stbernard
walker_hound_00127.jpg,stbernard
walker_hound_00128.jpg,papillon
weimaraner_00121.jpg,pug
weimaraner_00122.jpg,irish_terrier
weimaraner_00123.jpg,bouvier
weimaraner_00124.jpg,maltese
weimaraner_00125.jpg,cairn_terrier
weimaraner_00126.jpg,husky
weimaraner_00127.jpg,flatcoated_retriever
weimaraner_00128.jpg,dhole
weimaraner_00129.jpg,airedale
weimaraner_00130.jpg,maltese
weimaraner_00131.jpg,cairn_terrier
weimaraner_00132.jpg,papillon
weimaraner_00133.jpg,papillon
weimaraner_00134.jpg,african
weimaraner_00135.jpg,maltese
weimaraner_00136.jpg,pomeranian
weimaraner_00137.jpg,maltese
weimaraner_00138.jpg,airedale
weimaraner_00139.jpg,golden_retriever
weimaraner_00140.jpg,rottweiler
weimaraner_00141.jpg,shihtzu
weimaraner_00142.jpg,australian_terrier
welsh_spaniel_00117.jpg,scottish_deerhound
welsh_spaniel_00118.jpg,maltese
welsh_spaniel_00119.jpg,pembroke
welsh_spaniel_00120.jpg,basenji
welsh_spaniel_00121.jpg,basenji
welsh_spaniel_00122.jpg,blenheim_spaniel
welsh_spaniel_00123.jpg,australian_terrier
welsh_spaniel_00124.jpg,blenheim_spaniel
welsh_spaniel_00125.jpg,blenheim_spaniel
welsh_spaniel_00126.jpg,blenheim_spaniel
welsh_spaniel_00127.jpg,blenheim_spaniel
welsh_spaniel_00128.jpg,blenheim_spaniel
welsh_spaniel_00129.jpg,blenheim_spaniel
welsh_spaniel_00130.jpg,blenheim_spaniel
welsh_spaniel_00131.jpg,maltese
welsh_spaniel_00132.jpg,pug
welsh_spaniel_00133.jpg,beagle
welsh_spaniel_00134.jpg,blenheim_spaniel
welsh_spaniel_00135.jpg,blenheim_spaniel
welsh_spaniel_00136.jpg,blenheim_spaniel
welsh_spaniel_00137.jpg,blenheim_spaniel
westhighland_terrier_00136.jpg,pomeranian
westhighland_terrier_00137.jpg,maltese
westhighland_terrier_00138.jpg,maltese
westhighland_terrier_00139.jpg,chow
westhighland_terrier_00140.jpg,maltese
westhighland_terrier_00141.jpg,maltese
westhighland_terrier_00142.jpg,maltese
westhighland_terrier_00143.jpg,maltese
westhighland_terrier_00144.jpg,pug
westhighland_terrier_00145.jpg,maltese
westhighland_terrier_00146.jpg,maltese
westhighland_terrier_00147.jpg,maltese
westhighland_terrier_00148.jpg,shihtzu
westhighland_terrier_00149.jpg,maltese
westhighland_terrier_00150.jpg,maltese
westhighland_terrier_00151.jpg,maltese
westhighland_terrier_00152.jpg,maltese
westhighland_terrier_00153.jpg,maltese
westhighland_terrier_00154.jpg,maltese
westhighland_terrier_00155.jpg,maltese
westhighland_terrier_00156.jpg,maltese
westhighland_terrier_00157.jpg,maltese
westhighland_terrier_00158.jpg,maltese
westhighland_terrier_00159.jpg,samoyed
wheaten_terrier_00113.jpg,pomeranian
wheaten_terrier_00114.jpg,maltese
wheaten_terrier_00115.jpg,chow
wheaten_terrier_00116.jpg,airedale
wheaten_terrier_00117.jpg,pomeranian
wheaten_terrier_00118.jpg,lhasa
wheaten_terrier_00119.jpg,pomeranian
wheaten_terrier_00120.jpg,australian_terrier
wheaten_terrier_00121.jpg,airedale
wheaten_terrier_00122.jpg,airedale
wheaten_terrier_00123.jpg,maltese
wheaten_terrier_00124.jpg,australian_terrier
wheaten_terrier_00125.jpg,maltese
wheaten_terrier_00126.jpg,irish_spaniel
wheaten_terrier_00127.jpg,maltese
wheaten_terrier_00128.jpg,maltese
wheaten_terrier_00129.jpg,cairn_terrier
wheaten_terrier_00130.jpg,maltese
wheaten_terrier_00131.jpg,maltese
wheaten_terrier_00132.jpg,norwich_terrier
wheaten_terrier_00133.jpg,pomeranian
whippet_00137.jpg,maltese
whippet_00138.jpg,entlebucher
whippet_00139.jpg,papillon
whippet_00140.jpg,maltese
whippet_00141.jpg,pug
whippet_00142.jpg,husky
whippet_00143.jpg,pembroke
whippet_00144.jpg,scottish_deerhound
whippet_00145.jpg,pug
whippet_00146.jpg,pug
whippet_00147.jpg,bernese_mountain
whippet_00148.jpg,maltese
whippet_00149.jpg,norwich_terrier
whippet_00150.jpg,pug
whippet_00151.jpg,husky
whippet_00152.jpg,japanese_spaniel
whippet_00153.jpg,papillon
whippet_00154.jpg,dhole
whippet_00155.jpg,pomeranian
whippet_00156.jpg,golden_retriever
whippet_00157.jpg,blenheim_spaniel
whippet_00158.jpg,maltese
whippet_00159.jpg,miniature_pinscher
whippet_00160.jpg,maltese
whippet_00161.jpg,komondor
yorkshire_terrier_00126.jpg,gordon_setter
yorkshire_terrier_00127.jpg,australian_terrier
yorkshire_terrier_00128.jpg,maltese
yorkshire_terrier_00129.jpg,pembroke
yorkshire_terrier_00130.jpg,golden_retriever
yorkshire_terrier_00131.jpg,blenheim_spaniel
yorkshire_terrier_00132.jpg,golden_retriever
yorkshire_terrier_00133.jpg,australian_terrier
yorkshire_terrier_00134.jpg,blood_hound
yorkshire_terrier_00135.jpg,basenji
yorkshire_terrier_00136.jpg,airedale
yorkshire_terrier_00137.jpg,miniature_pinscher
yorkshire_terrier_00138.jpg,cairn_terrier
yorkshire_terrier_00139.jpg,blood_hound
yorkshire_terrier_00140.jpg,airedale
yorkshire_terrier_00141.jpg,silky_terrier
yorkshire_terrier_00142.jpg,golden_retriever
yorkshire_terrier_00143.jpg,golden_retriever
yorkshire_terrier_00144.jpg,basenji
yorkshire_terrier_00145.jpg,chow
yorkshire_terrier_00146.jpg,airedale
yorkshire_terrier_00147.jpg,pomeranian
yorkshire_terrier_00148.jpg,chow
